Date,Open,High,Low,Close,Shares Traded,Turnover (₹ Cr)
01-Oct-26,22543.7,22610.6,22217.3,22421.95,451303049,36534.26
30-Sep-26,22665,22809.35,22595.2,22620.45,369406892,32476.02
29-Sep-26,22732.45,22753.25,22569.65,22716.2,603190549,39264.31
28-Sep-26,23064.9,23080.25,22762.2,22780.25,261457054,20620.36
25-Sep-26,23035,23162.7,23020.95,23140.5,242720711,18949.25
24-Sep-26,23221.8,23281.95,23046.15,23063.1,271675340,22894.82
23-Sep-26,23352.15,23466.9,23349.55,23446.8,237608688,17215.76
22-Sep-26,23454.05,23489,23285.75,23329,244146220,19610.73
21-Sep-26,23330.2,23466.8,23314.8,23414.3,213639227,17770.46
18-Sep-26,23334.7,23389.15,23286.6,23346.4,375346024,31510.28
17-Sep-26,23195.25,23363.55,23193.65,23270.6,259700999,18775.3
16-Sep-26,23201.6,23284.75,23116.1,23217.6,261617344,20182.08
15-Sep-26,23576.15,23592.85,23118.6,23118.6,338835704,26523.17
11-Sep-26,23270.3,23448.1,23231.4,23398.1,293025966,20905.97
10-Sep-26,23446.6,23494.95,23380.1,23477.8,253250004,19852.15
09-Sep-26,23522.05,23571.55,23431.5,23431.5,352925400,27788.38
08-Sep-26,23743.1,23758.95,23623.1,23635.1,230133309,18718.76
07-Sep-26,23883.15,23890,23737.9,23779.15,205864370,17371.86
04-Sep-26,23910.9,24005.75,23895.85,23897.7,231396362,18379.67
03-Sep-26,23997.95,24025.4,23873.45,23873.45,239174046,19968.37
02-Sep-26,23858,23914.45,23786.8,23914.45,318881826,25868.81
01-Sep-26,24077.55,24143.15,23952.55,24055.8,334207690,27996.18
31-Aug-26,24117.55,24128.7,23993.6,24080.4,710870778,49193.19
28-Aug-26,24122.6,24188.3,24076.85,24175.65,296127942,20865.45
27-Aug-26,24277.6,24297.45,24090.85,24090.85,323419647,24757.82
26-Aug-26,24341.95,24378.6,24207.75,24207.75,244793446,17446.06
25-Aug-26,24175.75,24334.55,24115.45,24334.55,239453630,18743.01
24-Aug-26,24285.05,24313,24144.3,24219.05,236285363,17854.63
21-Aug-26,24284.05,24284.05,24206.8,24252,259287088,18607.89
20-Aug-26,24225.45,24265.15,24184.55,24231.85,253928495,18777.61
19-Aug-26,24152.05,24172.85,24025.65,24078.3,238718813,19084.84
18-Aug-26,24223.85,24269.65,24154.9,24154.9,227027460,19183.5
17-Aug-26,24343.45,24360.1,24226.95,24287.65,225427674,18400.29
14-Aug-26,24361.9,24405.2,24296.8,24366,267706410,22136.2
13-Aug-26,24431.6,24431.6,24311.4,24395.85,295823169,24255.39
12-Aug-26,24472.45,24473.3,24265.95,24435.95,317552958,27570.47
11-Aug-26,24575.1,24576.85,24429.25,24471.7,271943567,24402.81
10-Aug-26,24581.25,24620.95,24511.1,24583.8,269507262,24738.66
07-Aug-26,24538.9,24630.4,24522.75,24570.65,254819435,26131.19
06-Aug-26,24641,24677.05,24604.15,24636,344001180,30115.41
05-Aug-26,24669.2,24677.6,24497.95,24624.65,355518193,31164.27
04-Aug-26,24703.9,24703.9,24427.95,24614.9,296554546,26153.94
03-Aug-26,24572.7,24774.3,24515.15,24774.3,342283085,27052.25
31-Jul-26,24361.45,24429.4,24299.7,24383.6,411693361,34459.53
30-Jul-26,24249.55,24342.95,24187.1,24317.15,400636260,33566.22
29-Jul-26,24176.65,24283.55,24136.75,24250.2,424150311,34189.33
28-Jul-26,23971.25,24041.15,23954.6,23985.35,437827320,35846.87
27-Jul-26,23928.4,24011.6,23891.55,23995.95,319367545,25340.46
24-Jul-26,23666.35,23823.6,23606.3,23767.45,333870912,28825.72
23-Jul-26,23904.8,23990.75,23807.2,23869.6,344042832,28259.45
22-Jul-26,24150.45,24166.3,23961.4,23996.25,304745142,25211.83
21-Jul-26,24216.05,24262.2,24135.65,24187.7,315560285,28361.57
20-Jul-26,24190.05,24266.1,24135.85,24238.5,353095939,31370.66
17-Jul-26,24127.6,24367.3,24099.05,24334.3,387772135,28825.71
16-Jul-26,24142.1,24186.5,24050,24072.75,264271962,24244.17
15-Jul-26,24085.85,24220.35,24010.55,24078.5,306924577,26842
14-Jul-26,24068,24157.1,24023.7,24052.05,355829008,31700.08
13-Jul-26,24039.4,24259.8,24000.2,24211,322678968,27998.31
10-Jul-26,24124.7,24228.45,24120.35,24206.9,313072212,24577.43
09-Jul-26,23928.95,24134.7,23925.7,23962.8,384795241,33799.64
08-Jul-26,24259.55,24300,23805.2,23882.05,420531527,32939.28
07-Jul-26,24464.45,24530.9,24348.95,24398.7,412624457,36436.58
06-Jul-26,24306.85,24458.65,24287.1,24430.35,329356507,24862.07
03-Jul-26,24375.65,24378.15,24252.35,24270.85,326634751,25955.73
02-Jul-26,24062.2,24194.55,24058.8,24175.7,372941283,30789.57
01-Jul-26,23897.65,24049.9,23895.1,24005.85,352148975,27760.09
30-Jun-26,24032.05,24035.55,23829.2,23865.75,449044753,39507.02
29-Jun-26,24061.75,24120,23924.55,23946.25,588498045,47361.14
25-Jun-26,24125.85,24261.6,24039,24056,448752143,40015.4
24-Jun-26,23795.8,24090.05,23789.25,24021.65,395578738,31302.8
23-Jun-26,24071.3,24135.5,23784.95,23824.1,340090069,28997.57
22-Jun-26,24106.6,24168.05,24073.15,24102.9,252821156,21763.92
19-Jun-26,23991.2,24047.2,23901.9,24013.1,447858148,40191.19
18-Jun-26,24073.8,24189.25,24036.95,24168,339988612,28654.85
17-Jun-26,24044.5,24108.2,23969.7,24085.7,352665809,26947.5
16-Jun-26,23923.9,24002.6,23888.2,23989.15,327307262,27953.23
15-Jun-26,23984.85,24011.4,23817.8,23853.9,398913735,34783.09
12-Jun-26,23412.55,23645.35,23313.9,23622.9,351944432,29593.12
11-Jun-26,23104.4,23327.45,23072.05,23161.6,362996956,28529.75
10-Jun-26,23233.95,23425.35,23184.6,23214.95,380030627,31906.68
09-Jun-26,23259.05,23279.4,23104.45,23242.1,402552937,32911.17
08-Jun-26,23080.7,23267.3,23070.15,23123,375730763,26550.42
05-Jun-26,23478.95,23516.35,23282.65,23366.7,366208223,28432.83
04-Jun-26,23282.45,23465.3,23247.3,23416.55,412505524,32848.46
03-Jun-26,23415.95,23459.65,23151.5,23405.6,450089851,36726.56
02-Jun-26,23229.15,23556.95,23229.15,23483.55,511852817,43063.5
01-Jun-26,23654.5,23733.7,23357.95,23382.6,421691204,33843.74
29-May-26,23902.15,24002.8,23484.75,23547.75,1198023438,101439
27-May-26,23880.35,23983.2,23858.25,23907.15,531572650,34903.35
26-May-26,24004.1,24089.8,23885.45,23913.7,387932940,29835.11
25-May-26,23940.25,24054.45,23922.85,24031.7,351224048,27301.94
22-May-26,23671.2,23835.65,23671,23719.3,336108649,24993.16
21-May-26,23830.05,23859.9,23596.6,23654.7,348183907,29930.79
20-May-26,23457.25,23690.9,23397.3,23659,344050591,26163.78
19-May-26,23675.3,23782.3,23587.2,23618,441953184,39325.73
18-May-26,23482.2,23695.65,23317.1,23649.95,391968426,30029.02
15-May-26,23731.4,23839.3,23610.3,23643.5,408864566,35052.32
14-May-26,23530.25,23777.2,23426.55,23689.6,428735424,38828.33
13-May-26,23362.45,23582.95,23262.55,23412.6,415359044,33693.48
12-May-26,23722.6,23757.55,23348.4,23379.55,447518189,36200.59
11-May-26,23970.1,23997.45,23799.1,23815.85,390108343,37404.28
08-May-26,24233.65,24253.8,24126.65,24176.15,335887188,31217.1
07-May-26,24398.5,24482.1,24284,24326.65,440621691,39529.1
06-May-26,24171,24356.5,23997.9,24330.95,429190144,38826.87
05-May-26,24052.6,24081.7,23882.05,24032.8,363297728,33650.36
04-May-26,24063.55,24290.2,24004.75,24119.3,419069793,35790.21
30-Apr-26,23996.95,24087.45,23796.85,23997.55,505520648,44420.83
29-Apr-26,24096.9,24334.7,24059.95,24177.65,531122966,38035.47
28-Apr-26,24049.9,24181.8,23957.05,23995.7,554134344,43390.29
27-Apr-26,23945.45,24130.7,23936.2,24092.7,430297937,36685.28
24-Apr-26,24100.55,24206,23813.65,23897.95,438433486,36898.39
23-Apr-26,24202.35,24310.2,24134.8,24173.05,467549860,39616.97
22-Apr-26,24470.85,24515.95,24352.9,24378.1,440524292,38980.03
21-Apr-26,24374.55,24601.7,24354.9,24576.6,425826834,37315.7
20-Apr-26,24391.5,24480.65,24241.25,24364.85,415942883,35042.31
17-Apr-26,24165.9,24371.9,24096.05,24353.55,498625189,35373.29
16-Apr-26,24385.2,24400.95,24102.8,24196.75,508017772,44634.35
15-Apr-26,24163.8,24280.9,24145.8,24231.3,460334041,38376.84
13-Apr-26,23589.6,23907.4,23555.6,23842.65,488844789,41931.51
10-Apr-26,23880.55,24074.05,23856.35,24050.6,481302436,40109.22
09-Apr-26,23909.05,23990.75,23682.8,23775.1,466587329,40443.59
08-Apr-26,23855.15,24025.15,23828.5,23997.35,639257993,56557.11
07-Apr-26,22838.7,23153.85,22719.3,23123.65,476981883,38940.47
06-Apr-26,22780.3,22998.35,22542.95,22968.25,426416812,35893.16
02-Apr-26,22383.4,22782.3,22182.55,22713.1,495121035,38669.56
01-Apr-26,22899,22941.3,22618.6,22679.4,517954448,41192.2
30-Mar-26,22549.65,22714.1,22283.85,22331.4,698599891,53093.7
27-Mar-26,23173.55,23186.1,22804.55,22819.6,612556883,47239.2
25-Mar-26,23064.4,23465.35,23063.2,23306.45,505418973,40733.98
24-Mar-26,22878.45,23057.3,22624.2,22912.4,538098322,43385.04
23-Mar-26,22824.35,22851.7,22471.25,22512.65,550275334,41002.59
20-Mar-26,23110.15,23345.15,23067.6,23114.5,663289390,50308.33
19-Mar-26,23197.75,23378.7,22930.35,23002.15,550147401,42000.27
18-Mar-26,23632.9,23862.25,23618.45,23777.8,382876401,28805.6
17-Mar-26,23493.2,23656.8,23346.6,23581.15,458788167,34495.73
16-Mar-26,23116.1,23502,22955.25,23408.8,540293230,44710.21
13-Mar-26,23462.5,23492.4,23112,23151.1,519776752,40786.7
12-Mar-26,23674.85,23833.15,23556.3,23639.15,501004098,40147.62
11-Mar-26,24231.85,24299,23834.3,23866.85,407400643,32549.4
10-Mar-26,24280.8,24303.8,24079.95,24261.6,444283436,36657.53
09-Mar-26,23868.05,24078.15,23697.8,24028.05,526901605,40569.31
06-Mar-26,24656.4,24700.8,24415.75,24450.45,433408256,35453.32
05-Mar-26,24615.95,24854.2,24529.4,24765.9,504339053,40011.88
04-Mar-26,24388.8,24602.45,24305.4,24480.5,598993881,47700.19
02-Mar-26,24659.25,24989.35,24603.5,24865.7,519228821,41306.37
27-Feb-26,25459.85,25476.4,25141.3,25178.65,438924282,38634.68
26-Feb-26,25556.3,25572.95,25400.95,25496.55,405219244,33155.5
25-Feb-26,25512.6,25652.6,25428.2,25482.5,414215742,31084.17
24-Feb-26,25641.8,25641.8,25327.6,25424.65,439068188,36735.38
23-Feb-26,25678.4,25771.45,25609.35,25713,399135843,25494.64
20-Feb-26,25406.55,25663.55,25379.75,25571.25,309373691,24024.7
19-Feb-26,25873.35,25885.3,25388.75,25454.35,333658812,24756.87
18-Feb-26,25752.65,25828.05,25645.15,25819.35,400807585,22228.22
17-Feb-26,25637.95,25764.4,25570.3,25725.4,378436265,27818.81
16-Feb-26,25423.6,25697,25372.7,25682.75,325487729,22205.92
13-Feb-26,25571.15,25630.35,25444.3,25471.1,453523192,40137.15
12-Feb-26,25906.7,25906.7,25752.4,25807.2,419388014,38977.68
11-Feb-26,25997.45,26009.4,25899.8,25953.85,331389240,31456.05
10-Feb-26,25922.65,25989.45,25870.45,25935.15,460878237,32795.1
09-Feb-26,25888.7,25922.25,25780.9,25867.3,359386006,28449.55
06-Feb-26,25605.8,25703.95,25491.9,25693.7,375476124,29777.45
05-Feb-26,25755.9,25757.65,25579.5,25642.8,343812628,28582.32
04-Feb-26,25675.05,25818.55,25563.95,25776,429788986,36899.12
03-Feb-26,26308.05,26341.2,25641.3,25727.55,637263148,52338.39
02-Feb-26,24796.5,25108.1,24679.4,25088.4,449215604,34038.26
01-Feb-26,25333.75,25440.9,24571.75,24825.45,379370206,25572.6
30-Jan-26,25247.55,25370.7,25213.65,25320.65,508388604,40772.08
29-Jan-26,25345,25458.15,25159.8,25418.9,582389331,44306.95
28-Jan-26,25258.85,25372.1,25187.65,25342.75,574903942,42364.52
27-Jan-26,25063.35,25246.65,24932.55,25175.4,618696080,50989.25
23-Jan-26,25344.6,25347.95,25025.3,25048.65,393944908,31844.65
22-Jan-26,25344.15,25435.75,25168.5,25289.9,486395433,34583.24
21-Jan-26,25141,25300.95,24919.8,25157.5,395624981,30984.61
20-Jan-26,25580.3,25585,25171.35,25232.5,409772324,31020.36
19-Jan-26,25653.1,25653.3,25494.35,25585.5,443087953,33632.38
16-Jan-26,25696.05,25873.5,25662.4,25694.35,434041776,37156.05
14-Jan-26,25648.55,25791.75,25603.95,25665.6,393126596,28944.88
13-Jan-26,25897.35,25899.8,25603.3,25732.3,339536336,31434.03
12-Jan-26,25669.05,25813.15,25473.4,25790.25,275757268,23874.45
09-Jan-26,25840.4,25940.6,25623,25683.3,348757262,27486.64
08-Jan-26,26106.5,26133.2,25858.45,25876.85,328520950,27556.32
07-Jan-26,26143.1,26187.15,26067.9,26140.75,338216740,30232.63
06-Jan-26,26189.7,26273.95,26124.75,26178.7,383040203,34567.52
05-Jan-26,26333.7,26373.2,26210.05,26250.3,338777649,25742.83
02-Jan-26,26155.1,26340,26118.4,26328.55,357547806,23770.13
01-Jan-26,26173.3,26197.55,26113.4,26146.55,425631910,23454.66
31-Dec-25,25971.05,26187.95,25969,26129.6,246314941,20703.99
30-Dec-25,25940.9,25976.75,25878,25938.85,396893959,39492.31
29-Dec-25,26063.35,26106.8,25920.3,25942.1,234312888,18184.45
26-Dec-25,26121.25,26144.2,26008.6,26042.3,142243763,12263.06
24-Dec-25,26170.65,26236.4,26123,26142.1,188846828,17474.44
23-Dec-25,26205.2,26233.55,26119.05,26177.15,216553840,19670.5
22-Dec-25,26055.85,26180.7,26047.8,26172.4,252990050,25333.26
19-Dec-25,25911.5,25993.35,25880.45,25966.4,382927284,36600.58
18-Dec-25,25764.7,25902.35,25726.3,25815.55,197553755,20046.07
17-Dec-25,25902.4,25929.15,25770.35,25818.55,206521258,19787.57
16-Dec-25,25951.5,25980.75,25834.35,25860.1,264351195,23554.69
15-Dec-25,25930.05,26047.15,25904.75,26027.3,181557703,17444.03
12-Dec-25,25971.2,26057.6,25938.45,26046.95,216344338,19484.07
11-Dec-25,25771.4,25922.8,25693.25,25898.55,206099631,20145.19
10-Dec-25,25864.05,25947.65,25734.55,25758,207944446,21975.7
09-Dec-25,25867.1,25923.65,25728,25839.65,275978160,29894.41
08-Dec-25,26159.8,26178.7,25892.25,25960.55,320729920,31677.57
05-Dec-25,25999.8,26202.6,25985.35,26186.45,249254405,27491.07
04-Dec-25,25981.85,26098.25,25938.95,26033.75,248099545,26377.76
03-Dec-25,26004.9,26066.45,25891,25986,265660108,25320.85
02-Dec-25,26087.95,26154.6,25997.85,26032.2,254803113,26298.82
01-Dec-25,26325.8,26325.8,26124.2,26175.75,213828573,21734.75
28-Nov-25,26237.45,26280.75,26172.4,26202.95,202511545,20525.36
27-Nov-25,26261.25,26310.45,26141.9,26215.55,240287057,25306.47
26-Nov-25,25842.95,26215.15,25842.95,26205.3,275265169,31666.03
25-Nov-25,25998.5,26032.6,25857.5,25884.8,260454909,25320.15
24-Nov-25,26122.8,26142.8,25912.15,25959.5,464655063,44895.45
21-Nov-25,26109.55,26179.2,26052.2,26068.15,235581427,24720.07
20-Nov-25,26132.1,26246.65,26063.2,26192.15,240425729,25000.17
19-Nov-25,25918.1,26074.65,25856.2,26052.65,250110008,24496.86
18-Nov-25,26021.8,26029.85,25876.5,25910.05,280000989,26059.6
17-Nov-25,25948.2,26024.2,25906.35,26013.45,264610565,23384.35
14-Nov-25,25767.9,25940.2,25740.8,25910.05,518943416,33121.81
13-Nov-25,25906.1,26010.7,25808.4,25879.15,385170023,30145.74
12-Nov-25,25834.3,25934.55,25781.15,25875.8,343864299,30633.19
11-Nov-25,25617,25715.8,25449.25,25694.95,297714069,28285.51
10-Nov-25,25503.5,25653.45,25503.5,25574.35,243592948,25023.65
07-Nov-25,25433.8,25551.25,25318.45,25492.3,305606393,35487
06-Nov-25,25593.35,25679.15,25491.55,25509.7,371852417,36129.62
04-Nov-25,25744.75,25787.4,25578.4,25597.65,305143084,29307.41
03-Nov-25,25696.85,25803.1,25645.5,25763.35,275858501,23949.88
31-Oct-25,25863.8,25953.75,25711.2,25722.1,334384400,28788.4
30-Oct-25,25984.4,26032.05,25845.25,25877.85,257373001,24180.46
29-Oct-25,25982,26097.85,25960.3,26053.9,321880610,26309.32
28-Oct-25,25939.95,26041.7,25810.05,25936.2,395231207,37023.32
27-Oct-25,25843.2,26005.95,25827,25966.05,266337274,23989.06
24-Oct-25,25935.1,25944.15,25718.2,25795.15,284913477,23527.98
23-Oct-25,26057.2,26104.2,25862.45,25891.4,448404894,41777.68
21-Oct-25,25901.2,25934.35,25825.8,25868.6,42477128,3831.1
20-Oct-25,25824.6,25926.2,25788.5,25843.15,301133193,29637.12
17-Oct-25,25546.85,25781.5,25508.6,25709.85,422055809,35106.96
16-Oct-25,25394.9,25625.4,25376.85,25585.3,372777021,32008.64
15-Oct-25,25181.95,25365.15,25159.35,25323.55,289930172,25202.02
14-Oct-25,25277.55,25310.35,25060.55,25145.5,292129083,24151.97
13-Oct-25,25177.3,25267.3,25152.3,25227.35,234285202,20806.83
10-Oct-25,25167.65,25330.75,25156.85,25285.35,232943306,21749.23
09-Oct-25,25074.3,25199.25,25024.3,25181.8,286253252,22617.86
08-Oct-25,25079.75,25192.5,25008.5,25046.15,225967495,21701.19
07-Oct-25,25085.3,25220.9,25076.3,25108.3,286833765,26176.23
06-Oct-25,24916.55,25095.95,24881.65,25077.65,271953070,25160.76
03-Oct-25,24759.55,24904.8,24747.55,24894.25,366929642,31409.06
01-Oct-25,24620.55,24867.95,24605.95,24836.3,308135228,29041.17
30-Sep-25,24691.95,24731.8,24587.7,24611.1,304924720,29285.11
29-Sep-25,24728.55,24791.3,24606.2,24634.9,394388242,40004.93
26-Sep-25,24818.55,24868.6,24629.45,24654.7,291537949,29987.93
25-Sep-25,25034.5,25092.7,24878.3,24890.85,342534768,32715.91
24-Sep-25,25108.75,25149.85,25027.45,25056.9,244382281,22310.05
23-Sep-25,25209,25261.9,25084.65,25169.5,299204338,31435.17
22-Sep-25,25238.1,25331.7,25151.05,25202.35,254509892,25277.82
19-Sep-25,25410.2,25431.4,25286.3,25327.05,380362832,38805.58
18-Sep-25,25441.05,25448.55,25329.75,25423.6,272193683,24198.11
17-Sep-25,25276.6,25346.5,25275.35,25330.25,268936695,23484.12
16-Sep-25,25073.6,25261.4,25070.45,25239.1,240122320,22642.86
15-Sep-25,25118.9,25138.45,25048.75,25069.2,185375759,17115.6
12-Sep-25,25074.45,25139.45,25038.05,25114,225739766,21335.67
11-Sep-25,24945.5,25037.3,24940.15,25005.5,224570983,21316.72
10-Sep-25,24991,25035.7,24915.05,24973.1,244146466,22458.98
09-Sep-25,24864.1,24891.8,24814,24868.6,226919775,22356.88
08-Sep-25,24802.6,24885.5,24751.55,24773.15,213228202,20122.88
05-Sep-25,24818.85,24832.35,24621.6,24741,210071924,18530.24
04-Sep-25,24980.75,24980.75,24708.2,24734.3,314094160,30252.19
03-Sep-25,24616.5,24737.05,24533.2,24715.05,340283328,23533.08
02-Sep-25,24653,24756.1,24522.35,24579.6,271558516,22051.8
01-Sep-25,24432.7,24635.6,24432.7,24625.05,229327424,20704.88
29-Aug-25,24466.7,24572.45,24404.7,24426.85,325543583,26796.69
28-Aug-25,24695.8,24702.65,24481.6,24500.9,326601486,29371.67
26-Aug-25,24899.5,24919.65,24689.6,24712.05,750473927,47068.2
25-Aug-25,24949.15,25021.55,24894.35,24967.75,213032133,19871.25
22-Aug-25,25064.15,25084.85,24859.15,24870.1,210165384,19655.78
21-Aug-25,25142,25153.65,25054.9,25083.75,226542052,21865.07
20-Aug-25,24965.8,25088.7,24929.7,25050.55,287054119,25330.45
19-Aug-25,24891.35,25012.65,24873.95,24980.65,252340828,24781.97
18-Aug-25,24938.2,25022,24852.85,24876.95,363071305,37637.67
14-Aug-25,24607.25,24673.65,24596.9,24631.3,270162203,22375.44
13-Aug-25,24586.2,24664.55,24535.25,24619.35,236006791,22843.14
12-Aug-25,24563.35,24702.6,24465.65,24487.4,237002462,22258.29
11-Aug-25,24371.5,24600.85,24347.45,24585.05,241145497,21081.61
08-Aug-25,24544.25,24585.5,24337.5,24363.3,312630157,38135.74
07-Aug-25,24464.2,24634.2,24344.15,24596.15,616739190,35574.59
06-Aug-25,24641.35,24671.4,24539.2,24574.2,225091071,20559.22
05-Aug-25,24720.25,24733.1,24590.3,24649.55,251849778,23815.36
04-Aug-25,24596.05,24736.25,24554,24722.75,259329477,20372.68
01-Aug-25,24734.9,24784.15,24535.05,24565.35,263357194,24972.45
31-Jul-25,24642.25,24956.5,24635,24768.35,346303628,30477.71
30-Jul-25,24890.4,24902.3,24771.95,24855.05,243886726,23525.25
29-Jul-25,24609.65,24847.15,24598.6,24821.1,284657235,25954.42
28-Jul-25,24782.45,24889.2,24646.6,24680.9,262142969,24976.54
25-Jul-25,25010.35,25010.35,24806.35,24837,278136104,25273.64
24-Jul-25,25243.3,25246.25,25018.7,25062.1,338728860,27433.34
23-Jul-25,25139.35,25233.5,25085.5,25219.9,271539651,23042.49
22-Jul-25,25166.65,25182,25035.55,25060.9,483725120,31248.06
21-Jul-25,24999,25111.4,24882.3,25090.7,305216414,26062.25
18-Jul-25,25108.55,25144.6,24918.65,24968.4,316979826,26330.8
17-Jul-25,25230.75,25238.35,25101,25111.45,243412540,24715.35
16-Jul-25,25196.6,25255.3,25121.05,25212.05,228815928,22254.54
15-Jul-25,25089.5,25245.2,25088.45,25195.8,241340130,23282.7
14-Jul-25,25149.5,25151.1,25001.95,25082.3,259533624,23316.33
11-Jul-25,25255.5,25322.45,25129,25149.85,249987681,26251.65
10-Jul-25,25511.65,25524.05,25340.45,25355.25,219609322,21435.36
09-Jul-25,25514.6,25548.7,25424.35,25476.1,239081546,20549.5
08-Jul-25,25427.85,25548.05,25424.15,25522.5,210410530,21947.32
07-Jul-25,25450.45,25489.8,25407.25,25461.3,196051345,16923.26
04-Jul-25,25428.85,25470.25,25331.65,25461,193511595,19101.33
03-Jul-25,25505.1,25587.5,25384.35,25405.3,293428797,24531.7
02-Jul-25,25588.3,25608.1,25378.75,25453.4,309828013,26681.66
01-Jul-25,25551.35,25593.4,25501.8,25541.8,260669106,23921.02
30-Jun-25,25661.65,25669.35,25473.3,25517.05,270981274,24673.48
27-Jun-25,25576.65,25654.2,25523.55,25637.8,563957748,47108.6
26-Jun-25,25268.95,25565.3,25259.9,25549,428891818,38689.39
25-Jun-25,25150.35,25266.8,25125.05,25244.75,260582584,22985.17
24-Jun-25,25179.9,25317.7,24999.7,25044.35,450185468,35508.9
23-Jun-25,24939.75,25057,24824.85,24971.9,248534153,20797.88
20-Jun-25,24787.65,25136.2,24783.65,25112.4,574654035,55782.03
19-Jun-25,24803.25,24863.1,24733.4,24793.25,274619935,23620.79
18-Jun-25,24788.35,24947.55,24750.45,24812.05,237599011,22044.05
17-Jun-25,24977.85,24982.05,24813.7,24853.4,242415740,21818.05
16-Jun-25,24732.35,24967.1,24703.6,24946.5,305813047,23857.15
13-Jun-25,24473,24754.35,24473,24718.6,318711364,24838.56
12-Jun-25,25164.45,25196.2,24825.9,24888.2,328310748,29573.27
11-Jun-25,25134.15,25222.4,25081.3,25141.4,301245273,25871.18
10-Jun-25,25196.05,25199.3,25055.45,25104.25,307323471,28813.93
09-Jun-25,25160.1,25160.1,25077.15,25103.2,279219989,25606.21
06-Jun-25,24748.7,25029.5,24671.45,25003.05,335581057,30041.71
05-Jun-25,24691.2,24899.85,24613.1,24750.9,388405978,30186.46
04-Jun-25,24560.45,24644.25,24530.45,24620.2,280862575,21907.07
03-Jun-25,24786.3,24845.1,24502.15,24542.5,349288937,28906.4
02-Jun-25,24669.7,24754.4,24526.15,24716.6,311100908,25091.04
30-May-25,24812.6,24863.95,24717.4,24750.7,853890978,52247.87
29-May-25,24825.1,24892.6,24677.3,24833.6,345370611,29730.05
28-May-25,24832.5,24864.25,24737.05,24752.45,684425321,37143.55
27-May-25,24956.65,25062.9,24704.1,24826.2,525653668,33638.3
26-May-25,24919.35,25079.2,24900.5,25001.15,302799227,20060.68
23-May-25,24639.5,24909.05,24614.05,24853.15,270470348,20200.73
22-May-25,24733.95,24737.5,24462.4,24609.7,403279638,30579.52
21-May-25,24744.25,24946.2,24685.35,24813.45,332724952,23179.85
20-May-25,24996.2,25010.35,24669.7,24683.9,414799113,31063.03
19-May-25,25005.35,25062.95,24916.65,24945.45,255254340,21598.6
16-May-25,25064.65,25070,24953.05,25019.8,432717092,43815.86
15-May-25,24694.45,25116.25,24494.45,25062.1,500821889,44147.39
14-May-25,24613.8,24767.55,24535.55,24666.9,345490805,25585.37
13-May-25,24864.05,24973.8,24547.5,24578.35,422977876,34576.66
12-May-25,24420.1,24944.8,24378.85,24924.7,368707684,30362.27
09-May-25,23935.75,24164.25,23935.75,24008,335550680,28942.61
08-May-25,24431.5,24447.25,24150.2,24273.8,411362230,36893.06
07-May-25,24233.3,24449.6,24220,24414.4,330137191,27648.34
06-May-25,24500.75,24509.65,24331.8,24379.6,302354059,26481.15
05-May-25,24419.5,24526.4,24400.65,24461.15,291471628,26918.36
02-May-25,24311.9,24589.15,24238.5,24346.7,421112627,34043.27
30-Apr-25,24342.05,24396.15,24198.75,24334.2,424452559,41073.48
29-Apr-25,24370.7,24457.65,24290.75,24335.95,357563224,30436.88
28-Apr-25,24070.25,24355.1,24054.05,24328.5,320467976,28278.82
25-Apr-25,24289,24365.45,23847.85,24039.35,387741866,33430.86
24-Apr-25,24277.9,24347.85,24216.15,24246.7,358768165,33057.29
23-Apr-25,24357.6,24359.3,24119.95,24328.95,415042544,34527.08
22-Apr-25,24185.4,24242.6,24072,24167.25,440940490,35479.29
21-Apr-25,23949.15,24189.55,23903.65,24125.55,406145632,33125.62
17-Apr-25,23401.85,23872.35,23298.55,23851.65,505333905,38450.09
16-Apr-25,23344.1,23452.2,23273.05,23437.2,348424960,28102.36
15-Apr-25,23368.35,23368.35,23207,23328.55,388321931,34216.17
11-Apr-25,22695.4,22923.9,22695.4,22828.55,402162001,33683.6
09-Apr-25,22460.3,22468.7,22353.25,22399.15,383822618,28996.55
08-Apr-25,22446.75,22697.2,22270.85,22535.85,468250807,37226.82
07-Apr-25,21758.4,22254,21743.65,22161.6,647107618,49172.14
04-Apr-25,23190.4,23214.7,22857.45,22904.45,466776198,33761.96
03-Apr-25,23150.3,23306.5,23145.8,23250.1,283196379,23501.33
02-Apr-25,23192.6,23350,23158.45,23332.35,340970371,24334.3
01-Apr-25,23341.1,23565.15,23136.4,23165.7,375118343,30680.7
28-Mar-25,23600.4,23649.2,23450.2,23519.35,387455531,29156.37
27-Mar-25,23433.95,23646.45,23412.2,23591.95,510302142,46481.84
26-Mar-25,23700.95,23736.5,23451.7,23486.85,278590831,26877.28
25-Mar-25,23751.5,23869.6,23601.4,23668.65,338216746,35415.03
24-Mar-25,23515.4,23708.75,23433.5,23658.35,311900413,28871.35
21-Mar-25,23168.25,23402.7,23132.8,23350.4,540966316,51005.67
20-Mar-25,23036.6,23216.7,22973.95,23190.65,313729818,27573.99
19-Mar-25,22874.95,22940.7,22807.95,22907.6,323992121,26994.95
18-Mar-25,22662.25,22857.8,22599.2,22834.3,272578844,26387.47
17-Mar-25,22353.15,22577,22353.15,22508.75,251102239,24122.27
13-Mar-25,22541.5,22558.05,22377.35,22397.2,287535243,22855.58
12-Mar-25,22536.35,22577.4,22329.55,22470.5,369736725,33406.41
11-Mar-25,22345.95,22522.1,22314.7,22497.9,347924102,29208.22
10-Mar-25,22521.85,22676.75,22429.05,22460.3,293855491,22330.86
07-Mar-25,22508.65,22633.8,22464.75,22552.5,289765795,21446.95
06-Mar-25,22476.35,22556.45,22245.85,22544.7,372083680,30550.28
05-Mar-25,22073.05,22394.9,22067.8,22337.3,305942691,26371.61
04-Mar-25,21974.45,22105.05,21964.6,22082.65,253260641,22979.56
03-Mar-25,22194.55,22261.55,22004.7,22119.3,282399735,25942.05
28-Feb-25,22433.4,22450.35,22104.85,22124.7,551285287,52745.2
27-Feb-25,22568.95,22613.3,22508.4,22545.05,289230479,29775.64
25-Feb-25,22516.45,22625.3,22513.9,22547.55,250279519,24917.83
24-Feb-25,22609.35,22668.05,22518.8,22553.35,214317552,20772.95
21-Feb-25,22857.2,22921,22720.3,22795.9,242753984,21994.37
20-Feb-25,22821.1,22923.85,22812.75,22913.15,240836647,21303.88
19-Feb-25,22847.25,23049.95,22814.85,22932.9,206999204,19817.93
18-Feb-25,22963.65,22992.5,22801.5,22945.3,210616675,19431.37
17-Feb-25,22809.9,22974.2,22725.45,22959.5,207393944,19809.44
14-Feb-25,23096.45,23133.7,22774.85,22929.25,254479643,22049.89
13-Feb-25,23055.75,23235.5,22992.2,23031.4,265706855,25218.86
12-Feb-25,23050.8,23144.7,22798.35,23045.25,279656513,26989.94
11-Feb-25,23383.55,23390.05,22986.65,23071.8,267969979,27191.96
10-Feb-25,23543.8,23568.6,23316.3,23381.6,225529166,21254.72
07-Feb-25,23649.5,23694.5,23443.2,23559.95,368092482,30042
06-Feb-25,23761.95,23773.55,23556.25,23603.35,306978683,30885.59
05-Feb-25,23801.75,23807.3,23680.45,23696.3,267014345,25806.44
04-Feb-25,23509.9,23762.75,23423.15,23739.25,376742506,35974.3
03-Feb-25,23319.35,23381.6,23222,23361.05,347241171,32019.13
01-Feb-25,23528.6,23632.45,23318.3,23482.15,287703637,25741.04
31-Jan-25,23296.75,23546.8,23277.4,23508.4,326919177,28638.01
30-Jan-25,23169.5,23322.05,23139.2,23249.5,384687127,35252.87
29-Jan-25,23026.75,23183.35,22976.5,23163.1,251208119,22307.38
28-Jan-25,22960.45,23137.95,22857.65,22957.25,361868609,33221.8
27-Jan-25,22940.15,23007.45,22786.9,22829.15,257372790,24202.41
24-Jan-25,23183.9,23347.3,23050,23092.2,264336332,24412.46
23-Jan-25,23128.3,23270.8,23090.65,23205.35,275558357,27723.78
22-Jan-25,23099.15,23169.55,22981.3,23155.35,275951918,25462.05
21-Jan-25,23421.65,23426.3,22976.85,23024.65,312871897,30106.72
20-Jan-25,23290.4,23391.1,23170.65,23344.75,301455455,27333.97
17-Jan-25,23277.1,23292.1,23100.35,23203.2,272945267,27040.78
16-Jan-25,23377.25,23391.65,23272.05,23311.8,299416081,29784.82
15-Jan-25,23250.45,23293.65,23146.45,23213.2,228039156,21587.78
14-Jan-25,23165.9,23264.95,23134.15,23176.05,311235510,31174.05
13-Jan-25,23195.4,23340.95,23047.25,23085.95,316481107,26890.37
10-Jan-25,23551.9,23596.6,23344.35,23431.5,261022434,25017.6
09-Jan-25,23674.75,23689.5,23503.05,23526.5,269239831,26793.85
08-Jan-25,23746.65,23751.85,23496.15,23688.95,266375381,24718.54
07-Jan-25,23679.9,23795.2,23637.8,23707.9,262337253,22485.65
06-Jan-25,24045.8,24089.95,23551.9,23616.05,278061806,25853.64
03-Jan-25,24196.4,24196.45,23976,24004.75,312279515,29411.99
02-Jan-25,23783,24226.7,23751.55,24188.65,283200811,32237.25
01-Jan-25,23637.65,23822.8,23562.8,23742.9,154921938,14266.26
31-Dec-24,23560.6,23689.85,23460.45,23644.8,193627727,18646.79
30-Dec-24,23796.9,23915.35,23599.3,23644.9,364929453,33823.95
27-Dec-24,23801.4,23938.85,23800.6,23813.4,176821521,17164.99
26-Dec-24,23775.8,23854.5,23653.6,23750.2,177681783,16695.1
24-Dec-24,23769.1,23867.65,23685.15,23727.65,177664746,16010.71
23-Dec-24,23738.2,23869.55,23647.2,23753.45,189758237,18243.28
20-Dec-24,23960.7,24065.8,23537.35,23587.5,442714411,47084.68
19-Dec-24,23877.15,24004.9,23870.3,23951.7,271128027,27815.23
18-Dec-24,24297.95,24394.45,24149.85,24198.85,235346534,23315.92
17-Dec-24,24584.8,24624.1,24303.45,24336,264881033,26765.16
16-Dec-24,24753.4,24781.25,24601.75,24668.25,187551629,18608.23
13-Dec-24,24498.35,24792.3,24180.8,24768.3,310080852,30429.73
12-Dec-24,24604.45,24675.25,24527.95,24548.7,266051129,28235.17
11-Dec-24,24620.5,24691.75,24583.85,24641.8,187252712,21592.23
10-Dec-24,24652.65,24677.8,24510.65,24610.05,261048951,26093.38
09-Dec-24,24633.9,24705,24580.05,24619,248139308,25099.79
06-Dec-24,24729.45,24751.05,24620.5,24677.8,226731303,23904.13
05-Dec-24,24539.15,24857.75,24295.55,24708.4,361469920,40471.33
04-Dec-24,24488.75,24573.2,24366.3,24467.45,348003156,34639.78
03-Dec-24,24367.5,24481.35,24280,24457.15,339470947,34228.3
02-Dec-24,24140.85,24301.7,24008.65,24276.05,220384187,23162.75
29-Nov-24,23927.15,24188.45,23927.15,24131.1,282104071,30509.98
28-Nov-24,24274.15,24345.75,23873.35,23914.15,366745300,41198.27
27-Nov-24,24204.8,24354.55,24145.65,24274.9,295011445,31149.09
26-Nov-24,24343.3,24343.3,24125.4,24194.5,230691771,24140.67
25-Nov-24,24253.55,24351.55,24135.45,24221.9,687172787,85975.81
22-Nov-24,23411.8,23956.1,23359,23907.25,367562789,39257.52
21-Nov-24,23488.45,23507.3,23263.15,23349.9,420332354,40900.89
19-Nov-24,23529.55,23780.65,23464.8,23518.5,297477279,30486.78
18-Nov-24,23605.3,23606.8,23350.4,23453.8,263311912,25257.33
14-Nov-24,23542.15,23675.9,23484.15,23532.7,257708474,24814.37
13-Nov-24,23822.45,23873.6,23509.6,23559.05,304569316,27765.81
12-Nov-24,24225.8,24242,23839.15,23883.45,255825829,26852.73
11-Nov-24,24087.25,24336.8,24004.6,24141.3,273370562,26600.28
08-Nov-24,24207.7,24276.15,24066.65,24148.2,298725122,27670.3
07-Nov-24,24489.6,24503.35,24179.05,24199.35,322185588,30971.89
06-Nov-24,24308.75,24537.6,24204.05,24484.05,351082031,34108.84
05-Nov-24,23916.5,24229.05,23842.75,24213.3,289511197,30074.77
04-Nov-24,24315.75,24316.75,23816.15,23995.35,285531635,31561.52
01-Nov-24,24302.75,24368.25,24280.2,24304.35,38811387,3348.45
31-Oct-24,24349.85,24372.45,24172.6,24205.35,287007588,33403.89
30-Oct-24,24371.45,24498.2,24307.3,24340.85,285196335,31068.7
29-Oct-24,24328.85,24484.5,24140.85,24466.85,332044690,35579.48
28-Oct-24,24251.1,24492.6,24134.9,24339.15,278562235,28136.06
25-Oct-24,24418.05,24440.25,24073.9,24180.8,372642214,37068.91
24-Oct-24,24412.7,24480.65,24341.2,24399.4,216686434,27817.66
23-Oct-24,24378.15,24604.25,24378.1,24435.5,284556771,31928.1
22-Oct-24,24798.65,24882,24445.8,24472.1,279484697,32801.59
21-Oct-24,24956.15,24978.3,24679.6,24781.1,241978957,32207.22
18-Oct-24,24664.95,24886.2,24567.65,24854.05,290855392,31772.76
17-Oct-24,25027.4,25029.5,24728.9,24749.85,252755662,32606.34
16-Oct-24,25008.55,25093.4,24908.45,24971.3,226774456,24115.83
15-Oct-24,25186.3,25212.05,25008.15,25057.35,257228772,29113.88
14-Oct-24,25023.45,25159.75,25017.5,25127.95,206423311,21270.9
11-Oct-24,24985.3,25028.65,24920.05,24964.25,210462717,21734.97
10-Oct-24,25067.05,25134.05,24979.4,24998.45,261364749,28046.45
09-Oct-24,25065.8,25234.05,24947.7,24981.95,290562844,30877.63
08-Oct-24,24832.2,25044,24756.8,25013.15,333220055,33493.36
07-Oct-24,25084.1,25143,24694.35,24795.75,374345795,40550.24
04-Oct-24,25181.9,25485.05,24966.8,25014.6,374914801,42719.71
03-Oct-24,25452.85,25639.45,25230.3,25250.1,423395030,45689.5
30-Sep-22,16798.05,17187.1,16747.7,17094.35,380204763,26205.63
29-Sep-22,16993.6,17026.05,16788.6,16818.1,340034380,24758.63
28-Sep-22,16870.55,17037.6,16820.4,16858.6,323922457,21400.93
27-Sep-22,17110.9,17176.45,16942.35,17007.4,359895458,22712.8
26-Sep-22,17156.3,17196.4,16978.3,17016.3,492002942,27533.01
23-Sep-22,17593.85,17642.15,17291.65,17327.35,390754862,23750.53
22-Sep-22,17609.65,17722.75,17532.45,17629.8,284094023,21303.96
21-Sep-22,17766.35,17838.7,17663.6,17718.35,245532498,19816.78
20-Sep-22,17770.4,17919.3,17744.4,17816.25,263100874,20456.69
19-Sep-22,17540.65,17667.2,17429.7,17622.25,258329581,19548.99
16-Sep-22,17796.8,17820.05,17497.25,17530.85,468464263,36013.89
15-Sep-22,18046.35,18096.15,17861.5,17877.4,289637528,22007.78
14-Sep-22,17771.15,18091.55,17771.15,18003.75,365866933,26611.96
13-Sep-22,18044.45,18088.3,18015.45,18070.05,259922741,21039.08
12-Sep-22,17890.85,17980.55,17889.15,17936.35,228242025,17648.17
09-Sep-22,17923.35,17925.95,17786,17833.35,270299618,20564.06
08-Sep-22,17748.15,17807.65,17691.95,17798.75,279845682,19925.25
07-Sep-22,17519.4,17650.75,17484.3,17624.4,354137885,25419.5
06-Sep-22,17695.7,17764.65,17587.65,17655.6,251204527,17521.09
05-Sep-22,17546.45,17683.15,17540.35,17665.8,230309013,17011.26
02-Sep-22,17598.4,17643.85,17476.45,17539.45,256268616,19548.88
01-Sep-22,17485.7,17695.6,17468.45,17542.8,308526598,26813.95
30-Aug-22,17414.95,17777.65,17401.5,17759.3,324687477,26284.26
29-Aug-22,17188.65,17380.15,17166.2,17312.9,244854637,19351.5
26-Aug-22,17619.3,17685.85,17519.35,17558.9,266636238,17500.8
25-Aug-22,17679,17726.5,17487.45,17522.45,230181848,17566.7
24-Aug-22,17525.45,17623.65,17499.25,17604.95,261953239,17819.88
23-Aug-22,17357.35,17625.55,17345.2,17577.5,285616338,20365.8
22-Aug-22,17682.9,17690.05,17467.35,17490.7,287559133,19605.44
19-Aug-22,17966.55,17992.2,17710.75,17758.45,295627263,21531.99
18-Aug-22,17898.65,17968.45,17852.05,17956.5,263914197,18441.68
17-Aug-22,17868.15,17965.95,17833.35,17944.25,262768582,21209.54
16-Aug-22,17797.2,17839.1,17764.05,17825.25,278042725,18495.27
12-Aug-22,17659.65,17724.65,17597.85,17698.15,303872483,18422.47
11-Aug-22,17711.65,17719.3,17631.95,17659,311247237,20476.53
10-Aug-22,17566.1,17566.1,17442.8,17534.75,312716544,21952.35
08-Aug-22,17401.5,17548.8,17359.75,17525.1,256994113,18475.21
05-Aug-22,17423.65,17474.4,17348.75,17397.5,355310802,20013.14
04-Aug-22,17463.1,17490.7,17161.25,17382,324981426,21848.21
03-Aug-22,17349.25,17407.5,17225.85,17388.15,285414666,20842.13
02-Aug-22,17310.15,17390.15,17215.85,17345.45,333639093,22576.94
01-Aug-22,17243.2,17356.25,17154.8,17340.05,381532671,23221.04
29-Jul-22,17079.5,17172.8,17018.15,17158.25,436059722,28241.29
28-Jul-22,16774.85,16947.65,16746.25,16929.6,376256315,26674.28
27-Jul-22,16475.35,16653.45,16438.75,16641.8,185210970,17608.03
26-Jul-22,16632.9,16636.1,16463.3,16483.85,208208122,20087.54
25-Jul-22,16662.55,16706.05,16564.25,16631,211392171,19384.43
22-Jul-22,16661.25,16752.25,16610.9,16719.45,190906776,18600.11
21-Jul-22,16523.55,16626.95,16483.9,16605.25,243625339,20603.17
20-Jul-22,16562.8,16588,16490.95,16520.85,284359582,22061.81
19-Jul-22,16187.05,16359.5,16187.05,16340.55,222630928,18068.59
18-Jul-22,16151.4,16287.95,16142.2,16278.5,227744850,19420.93
15-Jul-22,16010.8,16066.95,15927.3,16049.2,205768079,17031.43
14-Jul-22,16018.85,16070.85,15858.2,15938.65,228603433,18858.83
13-Jul-22,16128.2,16140,15950.15,15966.65,233264100,19649.66
12-Jul-22,16126.2,16158.75,16031.15,16058.3,208648707,16042.52
11-Jul-22,16136.15,16248.55,16115.5,16216,255915072,20240.69
08-Jul-22,16273.65,16275.5,16157.9,16220.6,281102369,20990.69
07-Jul-22,16113.75,16150.5,16045.95,16132.9,264615218,21465.33
06-Jul-22,15818.2,16011.35,15800.9,15989.8,288375300,22836.77
05-Jul-22,15909.15,16025.75,15785.45,15810.85,254164463,19129.6
04-Jul-22,15710.5,15852.35,15661.8,15835.35,304328467,19875.22
01-Jul-22,15703.7,15793.95,15511.05,15752.05,364090131,25891.94
30-Jun-22,15774.5,15890,15728.85,15780.25,306027777,23970.65
29-Jun-22,15701.7,15861.6,15687.8,15799.1,444949551,22528.57
28-Jun-22,15757.45,15892.1,15710.15,15850.2,251865155,18419.75
27-Jun-22,15926.2,15927.45,15815.5,15832.05,210932505,17770.42
24-Jun-22,15657.4,15749.25,15619.45,15699.25,219599372,18259.72
23-Jun-22,15451.55,15628.45,15367.5,15556.65,259171810,21722.06
22-Jun-22,15545.65,15565.4,15385.95,15413.3,220889589,16817.07
21-Jun-22,15455.95,15707.25,15419.85,15638.8,262794687,18934.27
20-Jun-22,15334.5,15382.5,15191.1,15350.15,260022438,18531.78
17-Jun-22,15272.65,15400.4,15183.4,15293.5,342629997,29074
16-Jun-22,15832.25,15863.15,15335.1,15360.6,264735957,21383.06
15-Jun-22,15729.25,15783.65,15678.9,15692.15,183011236,16063.24
14-Jun-22,15674.25,15858,15659.45,15732.1,225425862,19825.41
13-Jun-22,15877.55,15886.15,15684,15774.4,225534385,20002.64
10-Jun-22,16283.95,16324.7,16172.6,16201.8,189680523,18388.03
09-Jun-22,16263.85,16492.8,16243.85,16478.1,204954394,16721.68
08-Jun-22,16474.95,16514.3,16293.35,16356.25,243481044,18336.15
07-Jun-22,16469.6,16487.25,16347.1,16416.35,233814633,17921.95
06-Jun-22,16530.7,16610.95,16444.55,16569.55,233589132,17999.41
03-Jun-22,16761.65,16793.85,16567.9,16584.3,245514871,22249.29
02-Jun-22,16481.65,16646.4,16443.05,16628,235958283,20055.84
01-Jun-22,16594.4,16649.2,16438.85,16522.75,249619038,19350.33
31-May-22,16578.45,16690.75,16521.9,16584.55,651613610,52929.35
30-May-22,16527.9,16695.5,16506.15,16661.4,251400757,21216.5
27-May-22,16296.6,16370.6,16221.95,16352.45,274064956,21341.98
26-May-22,16105,16204.45,15903.7,16170.15,314305739,27721.21
25-May-22,16196.35,16223.35,16006.95,16025.8,243342347,21400.14
24-May-22,16225.55,16262.8,16078.6,16125.15,249778296,21895.75
23-May-22,16290.95,16414.7,16185.75,16214.7,293829853,25110.85
20-May-22,16043.8,16283.05,16003.85,16266.15,252402013,22806.69
19-May-22,15917.4,15984.75,15775.2,15809.4,313876082,24340.84
18-May-22,16318.15,16399.8,16211.2,16240.3,290441105,23889.84
17-May-22,15912.6,16284.25,15900.8,16259.3,295687774,22782.99
16-May-22,15845.1,15977.95,15739.65,15842.3,217646558,17852.19
13-May-22,15977,16083.6,15740.85,15782.15,369135540,27454.12
12-May-22,16021.1,16041.95,15735.75,15808,314921678,25352.34
11-May-22,16270.05,16318.75,15992.6,16167.1,284294438,22994.38
10-May-22,16248.9,16404.55,16197.3,16240.05,283061200,22685.27
09-May-22,16227.7,16403.7,16142.1,16301.85,288402950,23274.74
06-May-22,16415.55,16484.2,16340.9,16411.25,300527719,25472.95
05-May-22,16854.75,16945.7,16651.85,16682.65,265793403,21792.91
04-May-22,17096.6,17132.85,16623.95,16677.6,310632799,27405.52
02-May-22,16924.45,17092.25,16917.25,17069.1,278155513,21222.64
29-Apr-22,17329.25,17377.65,17053.25,17102.55,336243642,29582.86
28-Apr-22,17189.5,17322.5,17071.05,17245.05,312914417,28488.87
27-Apr-22,17073.35,17110.7,16958.45,17038.4,265140480,25373.8
26-Apr-22,17121.3,17223.85,17064.45,17200.8,261065753,22079.92
25-Apr-22,17009.05,17054.3,16888.7,16953.95,275685925,22699.65
22-Apr-22,17242.75,17315.3,17149.2,17171.95,262739740,23371.7
21-Apr-22,17234.6,17414.7,17215.5,17392.6,285200022,24999.9
20-Apr-22,17045.25,17186.9,16978.95,17136.55,286069736,25972.15
19-Apr-22,17258.95,17275.65,16824.7,16958.65,401399563,35467.13
18-Apr-22,17183.45,17237.75,17067.85,17173.65,376130248,30154.62
13-Apr-22,17599.9,17663.65,17457.4,17475.65,245061941,20229.83
12-Apr-22,17584.85,17595.3,17442.35,17530.3,266029060,23958.77
11-Apr-22,17740.9,17779.05,17650.95,17674.95,251701846,21001.58
08-Apr-22,17698.15,17842.75,17600.55,17784.35,274447433,25608.1
07-Apr-22,17723.3,17787.5,17623.7,17639.55,308840215,26236.91
06-Apr-22,17842.75,17901,17779.85,17807.65,328824420,24252.48
05-Apr-22,18080.6,18095.45,17921.55,17957.4,283453612,25096.7
04-Apr-22,17809.1,18114.65,17791.4,18053.4,345526502,38623.94
01-Apr-22,17436.9,17703.7,17422.7,17670.45,291773447,21132.13
31-Mar-22,17519.2,17559.8,17435.2,17464.75,281111679,24032.07
30-Mar-22,17468.15,17522.5,17387.2,17498.25,505031841,28907.47
29-Mar-22,17297.2,17343.65,17235.7,17325.3,235149625,20305.78
28-Mar-22,17181.85,17235.1,17003.9,17222,253240837,19976.26
25-Mar-22,17289,17294.9,17076.55,17153,237115741,20031.39
24-Mar-22,17094.95,17291.75,17091.15,17222.75,290280124,25011.72
23-Mar-22,17405.05,17442.4,17199.6,17245.65,292120348,24705.28
22-Mar-22,17120.4,17334.4,17006.3,17315.5,338263468,27347.6
21-Mar-22,17329.5,17353.35,17096.4,17117.6,285451208,22886.39
17-Mar-22,17202.9,17344.6,17175.75,17287.05,448335248,35367.28
16-Mar-22,16876.65,16987.9,16837.85,16975.35,259973396,21361.32
15-Mar-22,16900.65,16927.75,16555,16663,381631902,29731.09
14-Mar-22,16633.7,16887.95,16606.5,16871.3,314669685,23824.02
11-Mar-22,16528.8,16694.4,16470.9,16630.45,343717045,24720.34
10-Mar-22,16757.1,16757.3,16447.9,16594.9,486445481,35513.73
09-Mar-22,16078,16418.05,15990,16345.35,462231428,35329.34
08-Mar-22,15747.75,16028.75,15671.45,16013.45,543600673,38704.4
07-Mar-22,15867.95,15944.6,15711.45,15863.15,585403660,38038.75
04-Mar-22,16339.45,16456,16133.8,16245.35,456143040,34821.1
03-Mar-22,16723.2,16768.95,16442.95,16498.05,442068263,31413
02-Mar-22,16593.1,16678.5,16478.65,16605.95,517723542,39407.44
28-Feb-22,16481.6,16815.9,16356.3,16793.9,404214666,33831.57
25-Feb-22,16515.65,16748.8,16478.3,16658.4,329780732,25743.77
24-Feb-22,16548.9,16705.25,16203.25,16247.95,457967874,36650.83
23-Feb-22,17194.5,17220.7,17027.85,17063.25,200229631,17662.47
22-Feb-22,16847.95,17148.55,16843.8,17092.2,300131995,24040.84
21-Feb-22,17192.25,17351.05,17070.7,17206.65,215183301,18725.57
18-Feb-22,17236.05,17380.8,17219.2,17276.3,189620888,16126.96
17-Feb-22,17396.55,17442.9,17235.85,17304.6,232136131,19381.26
16-Feb-22,17408.45,17490.6,17257.7,17322.2,244549223,21128.38
15-Feb-22,16933.25,17375,16839.25,17352.45,298658142,24765.67
14-Feb-22,17076.15,17099.5,16809.65,16842.8,305510740,24976.16
11-Feb-22,17451,17454.75,17303,17374.75,253141660,23230.82
10-Feb-22,17554.1,17639.45,17427.15,17605.85,273606440,22210.93
09-Feb-22,17370.1,17477.15,17339,17463.8,236350514,19327.67
08-Feb-22,17279.85,17306.45,17043.65,17266.75,268526210,23846.16
07-Feb-22,17456.3,17536.75,17119.4,17213.6,265037933,21925.11
04-Feb-22,17590.2,17617.8,17462.55,17516.3,261434170,20651.85
03-Feb-22,17767.75,17781.15,17511.15,17560.2,226614989,20373.06
02-Feb-22,17706.2,17794.6,17674.8,17780,271205907,23611.59
01-Feb-22,17529.45,17622.4,17244.55,17576.85,386391485,30033.66
31-Jan-22,17301.05,17410,17264.15,17339.85,321660346,25474.13
28-Jan-22,17208.3,17373.5,17077.1,17101.95,355284285,29799.89
27-Jan-22,17062,17182.5,16866.75,17110.15,395596577,36296.64
25-Jan-22,17001.55,17309.15,16836.8,17277.95,326515896,31344.46
24-Jan-22,17575.15,17599.4,16997.85,17149.1,323847388,28387.73
21-Jan-22,17613.7,17707.6,17485.85,17617.15,277645373,25941.64
20-Jan-22,17921,17943.7,17648.45,17757,258094246,25863.29
19-Jan-22,18129.2,18129.2,17884.9,17938.4,276662654,25310.19
18-Jan-22,18337.2,18350.95,18085.9,18113.05,227507319,20852.67
17-Jan-22,18235.65,18321.55,18228.75,18308.1,266702919,23859.38
14-Jan-22,18185,18286.95,18119.65,18255.75,229451608,21024.51
13-Jan-22,18257,18272.25,18163.8,18257.8,303700545,28670.93
12-Jan-22,18170.4,18227.95,18128.8,18212.35,244974287,22298.69
11-Jan-22,17997.75,18081.25,17964.4,18055.75,220238796,20781.46
10-Jan-22,17913.3,18017.45,17879.15,18003.3,232418075,20853.64
07-Jan-22,17797.6,17905,17704.55,17812.7,239338015,21447.89
06-Jan-22,17768.5,17797.95,17655.55,17745.9,236454824,22643.82
05-Jan-22,17820.1,17944.7,17748.85,17925.25,251460038,23737.31
04-Jan-22,17681.4,17827.6,17593.55,17805.25,247437472,18604.16
03-Jan-22,17387.15,17646.65,17383.3,17625.7,200456430,16181.36
31-Dec-21,17244.5,17400.8,17238.5,17354.05,167025720,14588.54
30-Dec-21,17201.45,17264.05,17146.35,17203.95,320831676,21929.19
29-Dec-21,17220.1,17285.95,17176.65,17213.6,161679423,14320.79
28-Dec-21,17177.6,17250.25,17161.15,17233.25,176026100,14553.76
27-Dec-21,16937.75,17112.05,16833.2,17086.25,144777457,12567.03
24-Dec-21,17149.5,17155.6,16909.6,17003.75,182564833,15435.01
23-Dec-21,17066.8,17118.65,17015.55,17072.6,196965302,15755.89
22-Dec-21,16865.55,16971,16819.5,16955.45,207946105,17443.94
21-Dec-21,16773.15,16936.4,16688.25,16770.85,241030834,19783.04
20-Dec-21,16824.25,16840.1,16410.2,16614.2,330614079,25123.59
17-Dec-21,17276,17298.15,16966.45,16985.2,354591366,31326.91
16-Dec-21,17373,17379.35,17184.95,17248.4,219496063,18493.54
15-Dec-21,17323.65,17351.2,17192.2,17221.4,214972109,17046.42
14-Dec-21,17283.2,17376.2,17225.8,17324.9,270965586,20459.79
13-Dec-21,17619.1,17639.5,17355.95,17368.25,256560534,20592.03
10-Dec-21,17476.05,17534.35,17405.25,17511.3,204467484,16399.53
09-Dec-21,17524.4,17543.25,17379.6,17516.85,237170272,18984.75
08-Dec-21,17315.25,17484.6,17308.95,17469.75,257791948,21665.95
07-Dec-21,17044.1,17251.65,16987.75,17176.7,254144221,21693.69
06-Dec-21,17209.05,17216.75,16891.7,16912.25,231716681,17912.15
03-Dec-21,17424.9,17489.8,17180.8,17196.7,292526485,23100.57
02-Dec-21,17183.2,17420.35,17149.3,17401.65,279867500,22473.64
01-Dec-21,17104.4,17213.05,17064.25,17166.9,295542125,24098.73
30-Nov-21,17051.15,17324.65,16931.4,16983.2,497999836,41494.9
29-Nov-21,17055.8,17160.7,16782.4,17053.95,348888750,27428.2
26-Nov-21,17338.75,17355.4,16985.7,17026.45,356330009,28485.53
25-Nov-21,17417.3,17564.35,17351.7,17536.25,255947032,21953.33
24-Nov-21,17550.05,17600.6,17354,17415.05,298052158,23766.93
23-Nov-21,17281.75,17553.7,17216.1,17503.35,308843255,26240.41
22-Nov-21,17796.25,17805.25,17280.45,17416.55,356400425,29570.57
18-Nov-21,17890.55,17945.6,17688.5,17764.8,278425148,22625.36
17-Nov-21,17939.35,18022.65,17879.25,17898.65,295715938,22950.84
16-Nov-21,18127.05,18132.65,17958.8,17999.2,267431829,24101.67
15-Nov-21,18140.95,18210.15,18071.3,18109.45,280428633,19099.6
12-Nov-21,17977.6,18123,17905.9,18102.75,249111898,22164.33
11-Nov-21,17967.45,17971.35,17798.2,17873.6,232121151,20074.78
10-Nov-21,17973.45,18061.25,17915,18017.2,261446523,22281.11
09-Nov-21,18084.35,18112.6,17983.05,18044.25,270197527,23686.09
08-Nov-21,18040.2,18087.8,17836.1,18068.55,338919483,30908.23
04-Nov-21,17935.05,17947.55,17900.6,17916.8,48520856,3637.06
03-Nov-21,17947.95,17988.75,17757.95,17829.2,330995982,26186.85
02-Nov-21,17970.9,18012.25,17847.6,17888.95,296441997,23371.51
01-Nov-21,17783.15,17954.1,17697.1,17929.65,281190130,24354.38
29-Oct-21,17833.05,17915.85,17613.1,17671.65,336466864,28136
28-Oct-21,18187.65,18190.7,17799.45,17857.25,374205784,30222.34
27-Oct-21,18295.85,18342.05,18167.9,18210.95,335248487,30823.75
26-Oct-21,18154.5,18310.45,18099.3,18268.4,341377869,29764.61
25-Oct-21,18229.5,18241.4,17968.5,18125.4,418703647,34572.34
22-Oct-21,18230.7,18314.25,18034.35,18114.9,324748084,26938.88
21-Oct-21,18382.7,18384.2,18048,18178.1,365902008,30839.79
20-Oct-21,18439.9,18458.3,18209.35,18266.6,371276478,28968.42
19-Oct-21,18602.35,18604.45,18377.7,18418.75,368230309,30505.86
18-Oct-21,18500.1,18543.15,18445.3,18477.05,469883515,36800.84
14-Oct-21,18272.85,18350.75,18248.7,18338.55,538714440,38903.16
13-Oct-21,18097.85,18197.8,18050.75,18161.75,506679748,34503
12-Oct-21,17915.8,18008.65,17864.95,17991.95,355568313,26491.42
11-Oct-21,17867.55,18041.95,17839.1,17945.95,375756457,29000.2
08-Oct-21,17886.85,17941.85,17840.35,17895.2,324066351,22778.68
07-Oct-21,17810.55,17857.55,17763.8,17790.35,419890959,27371.98
06-Oct-21,17861.5,17884.6,17613.15,17646,395833550,24504.3
05-Oct-21,17661.35,17833.45,17640.9,17822.3,427000191,23066.8
04-Oct-21,17615.55,17750.9,17581.35,17691.25,295761839,21343.51
01-Oct-21,17531.9,17557.15,17452.9,17532.05,305763919,20911.61
29-Sep-23,19581.2,19726.25,19551.05,19638.3,243508919,20978.72
28-Sep-23,19761.8,19766.65,19492.1,19523.55,352810261,30069.78
27-Sep-23,19637.05,19730.7,19554,19716.45,203559874,19659.17
26-Sep-23,19682.8,19699.35,19637.45,19664.7,204869058,18118.19
25-Sep-23,19678.2,19734.15,19601.55,19674.55,188398392,20194.48
22-Sep-23,19744.85,19798.65,19657.5,19674.25,246410075,24137.57
21-Sep-23,19840.55,19848.75,19709.95,19742.35,275132260,26711.83
20-Sep-23,19980.75,20050.65,19878.85,19901.4,378065882,37351.58
18-Sep-23,20155.95,20195.35,20115.7,20133.3,264870758,21135.95
15-Sep-23,20156.45,20222.45,20129.7,20192.35,438185104,42681.35
14-Sep-23,20127.95,20167.65,20043.45,20103.1,275111881,21902.65
13-Sep-23,19989.5,20096.9,19944.1,20070,251394599,24332.36
12-Sep-23,20110.15,20110.35,19914.65,19993.2,328064239,30110.8
11-Sep-23,19890,20008.15,19865.35,19996.35,248763130,21924.34
08-Sep-23,19774.8,19867.15,19727.05,19819.95,288093693,23530.84
07-Sep-23,19598.65,19737,19550.05,19727.05,304929822,23591
06-Sep-23,19581.2,19636.45,19491.5,19611.05,512974083,32500.52
05-Sep-23,19564.65,19587.05,19525.75,19574.9,303958622,24029.89
04-Sep-23,19525.05,19545.15,19432.85,19528.8,396071122,24822.79
01-Sep-23,19258.15,19458.55,19255.7,19435.3,372502191,25962.38
31-Aug-23,19375.55,19388.2,19223.65,19253.8,562557215,45699.54
30-Aug-23,19433.45,19452.8,19334.75,19347.45,233004568,19877.49
29-Aug-23,19374.85,19377.9,19309.1,19342.65,307388116,22501.12
28-Aug-23,19298.35,19366.85,19249.7,19306.05,248178769,18237.22
25-Aug-23,19297.4,19339.55,19229.7,19265.8,466518217,24998.12
24-Aug-23,19535.15,19584.45,19369,19386.7,268256859,24338.24
23-Aug-23,19439.2,19472.05,19366.6,19444,225214991,20167.16
22-Aug-23,19417.1,19443.5,19381.3,19396.45,208704354,20226.48
21-Aug-23,19320.65,19425.95,19296.3,19393.6,262589133,20738.75
18-Aug-23,19301.75,19373.8,19253.6,19310.15,256142364,25641.41
17-Aug-23,19450.55,19461.55,19326.25,19365.25,268663456,26505.65
16-Aug-23,19369,19482.75,19317.2,19465,226627230,21484.66
14-Aug-23,19383.95,19465.85,19257.9,19434.55,243850815,22767.43
11-Aug-23,19554.25,19557.75,19412.75,19428.3,235524048,24521.24
10-Aug-23,19605.55,19623.6,19495.4,19543.1,312193785,29430.34
09-Aug-23,19578.8,19645.5,19467.5,19632.55,266495074,23201.75
08-Aug-23,19627.2,19634.4,19533.1,19570.85,260294052,25437.47
07-Aug-23,19576.85,19620.45,19524.8,19597.3,216586074,21655.87
04-Aug-23,19462.8,19538.85,19436.45,19517,280799561,28086.15
03-Aug-23,19463.75,19537.65,19296.45,19381.65,315688612,29899.38
02-Aug-23,19655.4,19678.25,19423.55,19526.55,290666798,23997.47
01-Aug-23,19784,19795.6,19704.6,19733.55,298048161,24554.71
31-Jul-23,19666.35,19772.75,19597.6,19753.8,295053318,23075.38
28-Jul-23,19659.75,19695.9,19563.1,19646.05,258671382,22995.98
27-Jul-23,19850.9,19867.55,19603.55,19659.9,334891351,35019.13
26-Jul-23,19733.35,19825.6,19716.7,19778.3,244747425,23023.86
25-Jul-23,19729.35,19729.35,19615.95,19680.6,369653496,29665.67
24-Jul-23,19748.45,19782.75,19658.3,19672.35,265562151,24522.29
21-Jul-23,19800.45,19887.4,19700,19745,312461795,33802.14
20-Jul-23,19831.7,19991.85,19758.4,19979.15,274698867,30622.66
19-Jul-23,19802.95,19851.7,19727.45,19833.15,259660464,26447.9
18-Jul-23,19787.5,19819.45,19690.2,19749.25,286353897,33269.08
17-Jul-23,19612.15,19731.85,19562.95,19711.45,268707894,25975.57
14-Jul-23,19493.45,19595.35,19433.5,19564.5,291165841,25484.44
13-Jul-23,19495.2,19567,19385.8,19413.75,310442517,27244.56
12-Jul-23,19497.45,19507.7,19361.75,19384.3,327941559,40163.14
11-Jul-23,19427.1,19515.1,19406.45,19439.4,251263638,26883.78
10-Jul-23,19400.35,19435.85,19327.1,19355.9,268246132,25991.55
07-Jul-23,19422.8,19523.6,19303.6,19331.8,237102566,23089.25
06-Jul-23,19385.7,19512.2,19373,19497.3,268261285,28540.18
05-Jul-23,19405.95,19421.6,19339.6,19398.5,224418797,24699.24
04-Jul-23,19406.6,19434.15,19300,19389,226916635,26634.06
03-Jul-23,19246.5,19345.1,19234.4,19322.55,226050219,22681.54
30-Jun-23,19076.85,19201.7,19024.6,19189.05,247906587,26376.62
28-Jun-23,18908.15,19011.25,18861.35,18972.1,398782019,37356.94
27-Jun-23,18748.55,18829.25,18714.25,18817.4,222464605,21415.89
26-Jun-23,18682.35,18722.05,18646.7,18691.2,171271325,17355.14
23-Jun-23,18741.85,18756.4,18647.1,18665.5,210562119,20619.6
22-Jun-23,18853.6,18886.6,18759.5,18771.25,252697871,24990.87
21-Jun-23,18849.4,18875.9,18794.85,18856.85,217481345,19102.48
20-Jun-23,18752.35,18839.7,18660.65,18816.7,211649257,19687.08
19-Jun-23,18873.3,18881.45,18719.15,18755.45,219815214,22699.84
16-Jun-23,18723.3,18864.7,18710.5,18826,272771256,28877.67
15-Jun-23,18774.45,18794.1,18669.05,18688.1,263004991,24820.77
14-Jun-23,18744.6,18769.7,18690,18755.9,261354575,19520.08
13-Jun-23,18631.8,18728.9,18631.8,18716.15,233167883,22612.62
12-Jun-23,18595.05,18633.6,18559.75,18601.5,179463966,15386.04
09-Jun-23,18655.9,18676.65,18555.4,18563.4,221760885,20181.42
08-Jun-23,18725.35,18777.9,18615.6,18634.55,286468927,22762.3
07-Jun-23,18665.6,18738.95,18636,18726.4,260109671,21482.77
06-Jun-23,18600.8,18622.75,18531.6,18599,220789926,21957.47
05-Jun-23,18612,18640.15,18582.8,18593.85,256111496,20369.16
02-Jun-23,18550.85,18573.7,18478.4,18534.1,270923679,23171.88
01-Jun-23,18579.4,18580.3,18464.55,18487.75,265630759,24056.99
31-May-23,18594.2,18603.9,18483.85,18534.4,696495765,70755.08
30-May-23,18606.65,18662.45,18575.5,18633.85,234391323,21660.69
29-May-23,18619.15,18641.2,18581.25,18598.65,265323978,19237.57
26-May-23,18368.35,18508.55,18333.15,18499.35,198668359,19094.08
25-May-23,18268.9,18338.1,18202.4,18321.15,235915651,22411.41
24-May-23,18294.8,18392.6,18262.95,18285.4,232621507,24273.17
23-May-23,18362.9,18419.75,18324.2,18348,270354216,28648.15
22-May-23,18201.1,18335.25,18178.85,18314.4,262560942,25147.58
19-May-23,18186.15,18218.1,18060.4,18203.4,260898407,22105.67
18-May-23,18287.5,18297.2,18104.85,18129.95,272103515,24172.44
17-May-23,18300.45,18309,18115.35,18181.75,229898510,20903.12
16-May-23,18432.35,18432.35,18264.35,18286.5,219490491,21063.78
15-May-23,18339.3,18458.9,18287.9,18398.85,216088535,19329.75
12-May-23,18273.75,18342.75,18194.55,18314.8,241702589,22046.04
11-May-23,18357.8,18389.7,18270.4,18297,248932544,26440.1
10-May-23,18313.6,18326.75,18211.95,18315.1,220450874,21416.41
09-May-23,18303.4,18344.2,18229.65,18265.95,245368649,23478.06
08-May-23,18120.6,18286.95,18100.3,18264.4,228399379,22687.94
05-May-23,18117.3,18216.95,18055.45,18069,239702311,26152.88
04-May-23,18081,18267.45,18066.7,18255.8,226643581,21889.48
03-May-23,18113.8,18116.35,18042.4,18089.85,226171254,19079.79
02-May-23,18124.8,18180.25,18101.75,18147.65,265216308,23615.47
28-Apr-23,17950.4,18089.15,17885.3,18065,290263674,27026.12
27-Apr-23,17813.1,17931.6,17797.9,17915.05,241434660,24454.15
26-Apr-23,17767.3,17827.75,17711.2,17813.6,233008677,21295.14
25-Apr-23,17761.55,17807.45,17716.85,17769.25,297445999,28819.53
24-Apr-23,17707.55,17754.5,17612.5,17743.4,255740393,23142.94
21-Apr-23,17639.75,17663.2,17553.95,17624.05,230156645,19091.44
20-Apr-23,17638.6,17684.45,17584.35,17624.45,215103396,19457.45
19-Apr-23,17653.35,17666.15,17579.85,17618.75,281463379,21562.08
18-Apr-23,17766.6,17766.6,17610.2,17660.15,258856690,23032.99
17-Apr-23,17863,17863,17574.05,17706.85,357401212,35118.57
13-Apr-23,17807.3,17842.15,17729.65,17828,285764798,26460.2
12-Apr-23,17759.55,17825.75,17717.25,17812.4,232816318,22851.93
11-Apr-23,17704.8,17748.75,17655.15,17722.3,304263454,25841.64
10-Apr-23,17634.9,17694.1,17597.95,17624.05,254819382,21092.06
06-Apr-23,17533.85,17638.7,17502.85,17599.15,242708337,23543.21
05-Apr-23,17422.3,17570.55,17402.7,17557.05,248345193,23911.75
03-Apr-23,17427.95,17428.05,17312.75,17398.05,230170687,20359.58
31-Mar-23,17210.35,17381.6,17204.65,17359.75,263889033,24970.98
29-Mar-23,16977.3,17126.15,16940.6,17080.7,345911087,27261.74
28-Mar-23,17031.75,17061.75,16913.75,16951.7,238840919,20942.5
27-Mar-23,16984.3,17091,16918.55,16985.7,218418670,18466.56
24-Mar-23,17076.2,17109.45,16917.35,16945.05,228038299,19019.88
23-Mar-23,17097.4,17205.4,17045.3,17076.9,219171517,19676.97
22-Mar-23,17177.45,17207.25,17107.85,17151.9,185700457,15712
21-Mar-23,17060.4,17127.7,17016,17107.5,246737873,22039.11
20-Mar-23,17066.6,17066.6,16828.35,16988.4,241777405,21454.09
17-Mar-23,17111.8,17145.8,16958.15,17100.05,408121255,30478.42
16-Mar-23,16994.65,17062.45,16850.15,16985.6,349820607,24198.71
15-Mar-23,17166.45,17211.35,16938.9,16972.15,248188970,22659.09
14-Mar-23,17160.55,17224.65,16987.1,17043.3,290604200,26057.6
13-Mar-23,17421.9,17529.9,17113.45,17154.3,254914657,22860.67
10-Mar-23,17443.8,17451.5,17324.35,17412.9,235927570,19794.73
09-Mar-23,17772.05,17772.35,17573.6,17589.6,262352056,21964.17
08-Mar-23,17665.75,17766.5,17602.25,17754.4,267041402,23155.56
06-Mar-23,17680.35,17799.95,17671.95,17711.45,362801096,26959.41
03-Mar-23,17451.25,17644.75,17427.7,17594.35,356169518,24143.96
02-Mar-23,17421.5,17445.8,17306,17321.9,310669094,22068.68
01-Mar-23,17360.1,17467.75,17345.25,17450.9,272881409,19784.53
28-Feb-23,17383.25,17440.45,17255.2,17303.95,420881259,32959.77
27-Feb-23,17428.6,17451.6,17299,17392.7,246448847,16638.41
24-Feb-23,17591.35,17599.75,17421.8,17465.8,209406363,16100.18
23-Feb-23,17574.65,17620.05,17455.4,17511.25,240807918,19313.68
22-Feb-23,17755.35,17772.5,17529.45,17554.3,204021979,17162.09
21-Feb-23,17905.8,17924.9,17800.3,17826.7,198248205,15593.09
20-Feb-23,17965.55,18004.35,17818.4,17844.6,174563233,14729.07
17-Feb-23,17974.85,18034.25,17884.6,17944.2,208053929,16998.33
16-Feb-23,18094.75,18134.75,18000.65,18035.85,230246175,18891.55
15-Feb-23,17896.6,18034.1,17853.8,18015.85,229273800,21457.34
14-Feb-23,17840.35,17954.55,17800.05,17929.85,244512944,20579.8
13-Feb-23,17859.1,17880.7,17719.75,17770.9,231276483,17406.31
10-Feb-23,17847.55,17876.95,17801,17856.5,231991834,17063.99
09-Feb-23,17885.5,17916.9,17779.8,17893.45,260854055,21529.97
08-Feb-23,17750.3,17898.7,17744.15,17871.7,290994265,23733.4
07-Feb-23,17790.1,17811.15,17652.55,17721.5,354395693,23611.08
06-Feb-23,17818.55,17823.7,17698.35,17764.6,282544790,21864.88
03-Feb-23,17721.75,17870.3,17584.2,17854.05,424123037,34503.67
02-Feb-23,17517.1,17653.9,17445.95,17610.4,490113567,37639.96
01-Feb-23,17811.6,17972.2,17353.4,17616.3,512870802,38486.19
31-Jan-23,17731.45,17735.7,17537.55,17662.15,398338541,35023.7
30-Jan-23,17541.95,17709.15,17405.55,17648.95,432434028,38159.88
27-Jan-23,17877.2,17884.75,17493.55,17604.35,476342611,40104.83
25-Jan-23,18093.35,18100.6,17846.15,17891.95,257227052,20890.56
24-Jan-23,18183.95,18201.25,18078.65,18118.3,216910302,19705.91
23-Jan-23,18118.45,18162.6,18063.45,18118.55,202460434,17060.12
20-Jan-23,18115.6,18145.45,18016.2,18027.65,237225269,19519.96
19-Jan-23,18119.8,18155.2,18063.75,18107.85,237833991,18413.13
18-Jan-23,18074.3,18183.75,18032.45,18165.35,255840928,20500.07
17-Jan-23,17922.8,18072.05,17886.95,18053.3,219055125,17461.09
16-Jan-23,18033.15,18049.65,17853.65,17894.85,206195816,16728.37
13-Jan-23,17867.5,17999.35,17774.25,17956.6,256700729,21341.7
12-Jan-23,17920.85,17945.8,17761.65,17858.2,227769060,19762.43
11-Jan-23,17924.25,17976.35,17824.35,17895.7,259853294,20204.33
10-Jan-23,18121.3,18127.6,17856,17914.15,283277918,20570.3
09-Jan-23,17952.55,18141.4,17936.15,18101.2,257237669,19916.16
06-Jan-23,18008.05,18047.4,17795.55,17859.45,238220578,17495.25
05-Jan-23,18101.95,18120.3,17892.6,17992.15,269949738,22108.53
04-Jan-23,18230.65,18243,18020.6,18042.95,235162202,16687.71
03-Jan-23,18163.2,18251.95,18149.8,18232.55,208699772,13680.91
02-Jan-23,18131.7,18215.15,18086.5,18197.45,256073979,11793.06
30-Dec-22,18259.1,18265.25,18080.3,18105.3,192005563,14475.22
29-Dec-22,18045.7,18229.7,17992.8,18191,281052828,18466.05
28-Dec-22,18084.75,18173.1,18068.35,18122.5,193873167,13997.59
27-Dec-22,18089.8,18149.25,17967.45,18132.3,214257094,13000.64
26-Dec-22,17830.4,18084.1,17774.25,18014.6,176652342,13708.21
23-Dec-22,17977.65,18050.45,17779.5,17806.8,221454773,18486.94
22-Dec-22,18288.8,18318.75,18068.6,18127.35,195699650,16725.23
21-Dec-22,18435.15,18473.35,18162.75,18199.1,187594274,17223.44
20-Dec-22,18340.3,18404.9,18202.65,18385.3,169041783,15038.56
19-Dec-22,18288.1,18431.65,18244.55,18420.45,154847475,14455.23
16-Dec-22,18319.1,18440.95,18255.15,18269,277650193,23292.95
15-Dec-22,18614.4,18652.9,18387.7,18414.9,183127544,15618.55
14-Dec-22,18671.25,18696.1,18632.9,18660.3,208030337,16626
13-Dec-22,18524.4,18617.25,18490.2,18608,187585567,16536.17
12-Dec-22,18402.15,18521.55,18345.7,18497.15,193883468,16688.2
09-Dec-22,18662.4,18664.7,18410.1,18496.6,215839572,20317.78
08-Dec-22,18570.85,18625,18536.95,18609.35,202811256,19277.65
07-Dec-22,18638.85,18668.3,18528.4,18560.5,200501720,17496.8
06-Dec-22,18600.65,18654.9,18577.9,18642.75,217777090,17772.27
05-Dec-22,18719.55,18728.6,18591.35,18701.05,288393766,19471.83
02-Dec-22,18752.4,18781.95,18639.2,18696.1,254401004,20233.76
01-Dec-22,18871.95,18887.6,18778.2,18812.5,324955829,22216.65
30-Nov-22,18625.7,18816.05,18616.55,18758.35,345636288,32757.21
29-Nov-22,18552.45,18678.1,18552.15,18618.05,195255179,16568.17
28-Nov-22,18430.55,18614.25,18365.6,18562.75,206468884,19006.92
25-Nov-22,18528.45,18534.9,18445.1,18512.75,205876043,17112.8
24-Nov-22,18326.1,18529.7,18294.25,18484.1,204044559,18218.35
23-Nov-22,18325.2,18325.4,18246,18267.25,178791087,15674.45
22-Nov-22,18179.15,18261.85,18137.7,18244.2,177681099,14750.98
21-Nov-22,18246.4,18262.3,18133.35,18159.95,213794598,15037.5
18-Nov-22,18382.95,18394.6,18209.8,18307.65,198794846,16553.69
17-Nov-22,18358.7,18417.6,18312.95,18343.9,200512910,16410.36
16-Nov-22,18398.25,18442.15,18344.15,18409.65,219268992,19732.87
15-Nov-22,18362.75,18427.95,18282,18403.4,250926391,17836.19
14-Nov-22,18376.4,18399.45,18311.4,18329.15,301401961,21697.66
11-Nov-22,18272.35,18362.3,18259.35,18349.7,378469072,30732.11
10-Nov-22,18044.35,18103.1,17969.4,18028.2,256451785,19848.06
09-Nov-22,18288.25,18296.4,18117.5,18157,307155149,23344.58
07-Nov-22,18211.75,18255.5,18064.75,18202.8,314758398,25124.84
04-Nov-22,18053.4,18135.1,18017.15,18117.15,267941526,21062.54
03-Nov-22,17968.35,18106.3,17959.2,18052.7,212968291,16037.78
02-Nov-22,18177.9,18178.75,18048.65,18082.85,270878019,20072.62
01-Nov-22,18130.7,18175.8,18060.15,18145.4,349924808,26796.59
31-Oct-22,17910.2,18022.8,17899.9,18012.2,227174539,19846.47
28-Oct-22,17756.4,17838.9,17723.7,17786.8,250030113,19099.59
27-Oct-22,17771.4,17783.9,17654.5,17736.95,324649088,24166.3
25-Oct-22,17808.3,17811.5,17637,17656.35,251358203,20338.32
24-Oct-22,17736.35,17777.55,17707.4,17730.75,45029477,3772.49
21-Oct-22,17622.85,17670.15,17520.75,17576.3,277702680,23547.38
20-Oct-22,17423.1,17584.15,17421,17563.95,249604832,18345.6
19-Oct-22,17568.15,17607.6,17472.85,17512.25,210480869,17200.79
18-Oct-22,17438.75,17527.8,17434.05,17486.95,239493630,18224.95
17-Oct-22,17144.8,17328.55,17098.55,17311.8,212223419,16887.83
14-Oct-22,17322.3,17348.55,17169.75,17185.7,226997138,17813.47
13-Oct-22,17087.35,17112.35,16956.95,17014.35,266438674,18189.64
12-Oct-22,17025.55,17142.35,16960.05,17123.6,256037322,18098.41
11-Oct-22,17256.05,17261.8,16950.3,16983.55,282617982,22178.37
10-Oct-22,17094.35,17280.15,17064.7,17241,234005512,16220.67
07-Oct-22,17287.2,17337.35,17216.95,17314.65,216273136,17043.26
06-Oct-22,17379.25,17428.8,17315.65,17331.8,268239320,20404.46
04-Oct-22,17147.45,17287.3,17117.3,17274.3,231601639,18480.43
03-Oct-22,17102.1,17114.65,16855.55,16887.35,285850587,21860.54
01-Oct-24,25788.45,25907.6,25739.2,25796.9,247423786,27473.29
30-Sep-24,26061.3,26134.7,25794.1,25810.85,375370974,36028.06
27-Sep-24,26248.25,26277.35,26151.4,26178.95,490332370,55420.63
26-Sep-24,26005.4,26250.9,25998.4,26216.05,370895477,40838.36
25-Sep-24,25899.45,26032.8,25871.35,26004.15,278540972,27868.08
24-Sep-24,25921.45,26011.55,25886.85,25940.4,384115033,35573.63
23-Sep-24,25872.55,25956,25847.35,25939.05,209187756,24825.74
20-Sep-24,25525.95,25849.25,25426.6,25790.95,533067422,68915.27
19-Sep-24,25487.05,25611.95,25376.05,25415.8,314461263,34389.27
18-Sep-24,25402.4,25482.2,25285.55,25377.55,215727159,28832
17-Sep-24,25416.9,25441.65,25352.25,25418.55,215956868,25280.83
16-Sep-24,25406.65,25445.7,25336.2,25383.75,168694880,18705.01
13-Sep-24,25430.45,25430.5,25292.45,25356.5,250781898,25530.69
12-Sep-24,25059.65,25433.35,24941.45,25388.9,380069653,41747.91
11-Sep-24,25034,25113.7,24885.15,24918.45,279229206,29395.73
10-Sep-24,24999.4,25130.5,24896.8,25041.1,251274802,27846.31
09-Sep-24,24823.4,24957.5,24753.15,24936.4,254367252,25180.28
06-Sep-24,25093.7,25168.75,24801.3,24852.15,311671856,33001.17
05-Sep-24,25250.5,25275.45,25127.75,25145.1,222242223,26272.38
04-Sep-24,25089.95,25216,25083.8,25198.7,253788501,26293.35
03-Sep-24,25313.4,25321.7,25235.8,25279.85,212131921,27276.14
02-Sep-24,25333.6,25333.65,25235.5,25278.7,222815249,28187.71
30-Aug-24,25249.7,25268.35,25199.4,25235.9,638166179,89554.91
29-Aug-24,25035.3,25192.9,24998.5,25151.95,353993900,43221.73
28-Aug-24,25030.8,25129.6,24964.65,25052.35,220419448,26994.19
27-Aug-24,25024.8,25073.1,24973.65,25017.75,223346636,26695
26-Aug-24,24906.1,25043.8,24874.7,25010.6,210266456,22166.86
23-Aug-24,24845.4,24858.4,24771.65,24823.15,206800655,23134.22
22-Aug-24,24863.4,24867.35,24784.45,24811.5,220345125,24227.03
21-Aug-24,24680.55,24787.95,24654.5,24770.2,257114212,27404.63
20-Aug-24,24648.9,24734.3,24607.2,24698.85,238318940,25478.73
19-Aug-24,24636.35,24638.8,24522.95,24572.65,243645503,22124.41
16-Aug-24,24334.85,24563.9,24204.5,24541.15,271611087,28521.9
14-Aug-24,24184.4,24196.5,24099.7,24143.75,303254705,27834.61
13-Aug-24,24342.35,24359.95,24116.5,24139,239727640,25459.58
12-Aug-24,24320.05,24472.8,24212.1,24347,279925100,30311.85
09-Aug-24,24386.85,24419.75,24311.2,24367.5,215129992,22339.19
08-Aug-24,24248.55,24340.5,24079.7,24117,311875940,30858.18
07-Aug-24,24289.4,24337.7,24184.9,24297.5,317564429,29738.85
06-Aug-24,24189.85,24382.6,23960.4,23992.55,312339387,31553.65
05-Aug-24,24302.85,24350.05,23893.7,24055.6,486994718,45066.65
02-Aug-24,24789,24851.9,24686.85,24717.7,345027881,35368.54
01-Aug-24,25030.95,25078.3,24956.4,25010.9,431313292,38822.9
31-Jul-24,24886.7,24984.6,24856.5,24951.15,333646302,35411.32
30-Jul-24,24839.4,24971.75,24798.65,24857.3,384989431,37576.58
29-Jul-24,24943.3,24999.75,24774.6,24836.1,354966070,37102.92
26-Jul-24,24423.35,24861.15,24410.9,24834.85,383826136,42118.36
25-Jul-24,24230.95,24426.15,24210.8,24406.1,391821970,37853.62
24-Jul-24,24444.95,24504.25,24307.25,24413.5,366616574,39538.11
23-Jul-24,24568.9,24582.55,24074.2,24479.05,436408768,44921.42
22-Jul-24,24445.75,24595.2,24362.3,24509.25,324190553,32496.23
19-Jul-24,24853.8,24854.8,24508.15,24530.9,343772965,33588.08
18-Jul-24,24543.8,24837.75,24504.45,24800.85,350924425,40477.17
16-Jul-24,24615.9,24661.25,24587.65,24613,283212233,28668.71
15-Jul-24,24587.6,24635.05,24522.75,24586.7,305395934,31593.04
12-Jul-24,24387.95,24592.2,24331.15,24502.15,325823474,39565.33
11-Jul-24,24396.55,24402.65,24193.75,24315.95,306404194,32115.44
10-Jul-24,24459.85,24461.05,24141.8,24324.45,292263786,35358.54
09-Jul-24,24351,24443.6,24331.9,24433.2,250537091,29361.08
08-Jul-24,24329.45,24344.6,24240.55,24320.55,266299131,26356.03
05-Jul-24,24213.35,24363,24168.85,24323.85,298381204,32052.48
04-Jul-24,24369.95,24401,24281,24302.15,251189844,28466.6
03-Jul-24,24291.75,24309.15,24207.1,24286.5,289201551,36661.17
02-Jul-24,24228.75,24236.35,24056.4,24123.85,309629240,34838.65
01-Jul-24,23992.95,24164,23992.7,24141.95,242468081,28204.06
28-Jun-24,24085.9,24174,23985.8,24010.6,354779832,41242.87
27-Jun-24,23881.55,24087.45,23805.4,24044.5,515227010,61216.71
26-Jun-24,23723.1,23889.9,23670.45,23868.8,287824687,33979.62
25-Jun-24,23577.1,23754.15,23562.05,23721.3,298111025,34263.36
24-Jun-24,23382.3,23558.1,23350,23537.85,239358460,24862.37
21-Jun-24,23661.15,23667.1,23398.2,23501.1,609877803,70062.97
20-Jun-24,23586.15,23624,23442.6,23567,280336970,33390.07
19-Jun-24,23629.85,23664,23412.9,23516,328811255,39430.39
18-Jun-24,23570.8,23579.05,23499.7,23557.9,272207297,29389.75
14-Jun-24,23464.95,23490.4,23334.25,23465.6,223086741,25746.34
13-Jun-24,23480.95,23481.05,23353.9,23398.9,268279841,30151.67
12-Jun-24,23344.45,23441.95,23295.95,23322.95,295630910,31795.48
11-Jun-24,23283.75,23389.45,23206.65,23264.85,305185666,29190.91
10-Jun-24,23319.15,23411.9,23227.15,23259.2,304392368,29060.4
07-Jun-24,22821.85,23320.2,22789.05,23290.15,473554898,47621.54
06-Jun-24,22798.6,22910.15,22642.6,22821.4,480413289,49047.39
05-Jun-24,22128.35,22670.4,21791.95,22620.35,638487077,64326.85
04-Jun-24,23179.5,23179.5,21281.45,21884.5,1006105058,93786.44
03-Jun-24,23337.9,23338.7,23062.3,23263.9,569425569,56418.25
31-May-24,22568.1,22653.75,22465.1,22530.7,572122639,67040.32
30-May-24,22617.45,22705.75,22417,22488.65,373374457,32991.46
29-May-24,22762.75,22825.5,22685.45,22704.7,269932784,27549.09
28-May-24,22977.15,22998.55,22858.5,22888.15,217890750,23054.65
27-May-24,23038.95,23110.8,22871.2,22932.45,260006078,27204.54
24-May-24,22930.75,23026.4,22908,22957.1,261927120,27966.99
23-May-24,22614.1,22993.6,22577.45,22967.65,369767547,39157.65
22-May-24,22576.6,22629.5,22483.15,22597.8,290345590,28556.14
21-May-24,22404.55,22591.1,22404.55,22529.05,347591587,30782.35
18-May-24,22512.85,22520.25,22470.05,22502,19064566,1572.77
17-May-24,22415.25,22502.15,22345.65,22466.1,242654570,27388.67
16-May-24,22319.2,22432.25,22054.55,22403.85,368945092,38836.11
15-May-24,22255.6,22297.55,22151.75,22200.55,231935478,23815.79
14-May-24,22112.9,22270.05,22081.25,22217.85,230238941,23741.66
13-May-24,22027.95,22131.65,21821.05,22104.05,278186886,29036.08
10-May-24,21990.95,22131.3,21950.3,22055.2,265804411,28717.71
09-May-24,22224.8,22307.75,21932.4,21957.5,331327454,37870.88
08-May-24,22231.2,22368.65,22185.2,22302.5,277438692,29717.33
07-May-24,22489.75,22499.05,22232.05,22302.5,297815469,31512.26
06-May-24,22561.6,22588.8,22409.45,22442.7,320255789,33417.53
03-May-24,22766.35,22794.7,22348.05,22475.85,438060727,44432.55
02-May-24,22567.85,22710.5,22567.85,22648.2,445909456,43133.31
30-Apr-24,22679.65,22783.35,22568.4,22604.85,361859375,38741.7
29-Apr-24,22475.55,22655.8,22441.9,22643.4,291957361,32431.45
26-Apr-24,22620.4,22620.4,22385.55,22419.95,329887340,36984.89
25-Apr-24,22316.9,22625.95,22305.25,22570.35,475044740,53803.8
24-Apr-24,22421.55,22476.45,22384,22402.4,235898642,21925.6
23-Apr-24,22447.05,22447.55,22349.45,22368,231520813,25651.64
22-Apr-24,22336.9,22375.65,22198.15,22336.4,279259571,26841.2
19-Apr-24,21861.5,22179.55,21777.65,22147,362530569,36073.63
18-Apr-24,22212.35,22326.5,21961.7,21995.85,456906707,43314.67
16-Apr-24,22125.3,22213.75,22079.45,22147.9,317267066,28661.04
15-Apr-24,22339.05,22427.45,22259.55,22272.5,355465814,29474.59
12-Apr-24,22677.4,22726.45,22503.75,22519.4,357187778,36456.91
10-Apr-24,22720.25,22775.7,22673.7,22753.8,276847931,25355.05
09-Apr-24,22765.1,22768.4,22612.25,22642.75,232356772,21651.69
08-Apr-24,22578.35,22697.3,22550.35,22666.3,227633561,22480.2
05-Apr-24,22486.4,22537.6,22427.6,22513.7,242244731,24797.82
04-Apr-24,22592.1,22619,22303.8,22514.65,400986156,40705.56
03-Apr-24,22385.7,22521.1,22346.5,22434.65,309647491,30793.28
02-Apr-24,22458.8,22497.6,22388.15,22453.3,289524237,27940.93
01-Apr-24,22455,22529.95,22427.75,22462,243637071,21420.69
28-Mar-24,22163.6,22516,22163.6,22326.9,407422815,45656.57
27-Mar-24,22053.95,22193.6,22052.85,22123.65,409136866,38830.73
26-Mar-24,21947.9,22073.2,21947.55,22004.7,328403719,33382.08
22-Mar-24,21932.2,22180.7,21883.3,22096.75,388656439,39023.19
21-Mar-24,21989.9,22080.95,21941.3,22011.95,353172434,31258.4
20-Mar-24,21843.9,21930.9,21710.2,21839.1,312414696,28939.85
19-Mar-24,21946.45,21978.3,21793.1,21817.45,344157465,30291.6
18-Mar-24,21990.1,22123.7,21916.55,22055.7,356321519,23015.51
15-Mar-24,22064.85,22120.9,21931.7,22023.35,661460455,60260.88
14-Mar-24,21982.55,22204.6,21917.5,22146.65,426742460,37348.3
13-Mar-24,22432.2,22446.75,21905.65,21997.7,493341697,40109.23
12-Mar-24,22334.45,22452.55,22256,22335.7,299201167,29781.12
11-Mar-24,22517.5,22526.6,22307.25,22332.65,277897373,27222.37
07-Mar-24,22505.3,22525.65,22430,22493.55,379865142,33558.46
06-Mar-24,22327.5,22497.2,22224.35,22474.05,312262560,31029.01
05-Mar-24,22371.25,22416.9,22269.15,22356.3,296153036,29165.37
04-Mar-24,22403.5,22440.9,22358.3,22405.6,298794435,23771.71
01-Mar-24,22048.3,22353.3,22047.75,22338.75,351503075,29646.47
29-Feb-24,21935.2,22060.55,21860.65,21982.8,360165824,40196.12
28-Feb-24,22214.1,22229.15,21915.85,21951.15,202952371,20579.8
27-Feb-24,22090.2,22218.25,22085.65,22198.35,252199186,24620.71
26-Feb-24,22169.2,22202.15,22075.15,22122.05,207775504,20850.26
23-Feb-24,22290,22297.5,22186.1,22212.7,225983194,24617.01
22-Feb-24,22081.55,22252.5,21875.25,22217.45,343495136,33985.94
21-Feb-24,22248.85,22249.4,21997.95,22055.05,364545679,29741.39
20-Feb-24,22099.2,22215.6,22045.85,22196.95,295705319,26872.32
19-Feb-24,22103.45,22186.65,22021.05,22122.25,218252325,21375.71
16-Feb-24,22020.3,22068.65,21968.95,22040.7,343892935,30666.89
15-Feb-24,21906.55,21953.85,21794.8,21910.75,345394395,29559.69
14-Feb-24,21578.15,21870.85,21530.2,21840.05,359120861,32535
13-Feb-24,21664.3,21766.8,21543.35,21743.25,365785766,29896.62
12-Feb-24,21800.8,21831.7,21574.75,21616.05,287436165,23921.14
09-Feb-24,21727,21804.45,21629.9,21782.5,349222850,31176.16
08-Feb-24,22009.65,22011.05,21665.3,21717.95,491069786,41082.02
07-Feb-24,22045.05,22053.3,21860.15,21930.5,346263704,30088.76
06-Feb-24,21825.2,21951.4,21737.55,21929.4,370968111,32910.82
05-Feb-24,21921.05,21964.3,21726.95,21771.7,440849699,33807.94
02-Feb-24,21812.75,22126.8,21805.55,21853.8,442794738,38395.9
01-Feb-24,21780.65,21832.95,21658.75,21697.45,332541208,34042.15
31-Jan-24,21487.25,21741.35,21448.85,21725.7,410583065,41587.85
30-Jan-24,21775.75,21813.05,21501.8,21522.1,375137333,32916.3
29-Jan-24,21433.1,21763.25,21429.6,21737.6,376702289,34516.42
25-Jan-24,21454.6,21459,21247.05,21352.6,418143077,40088.5
24-Jan-24,21185.25,21482.35,21137.2,21453.95,407460664,41718.64
23-Jan-24,21716.7,21750.25,21192.6,21238.8,449718534,48813.68
20-Jan-24,21706.15,21720.3,21541.8,21571.8,162073740,13917.46
19-Jan-24,21615.2,21670.6,21575,21622.4,343055124,34429.24
18-Jan-24,21414.2,21539.4,21285.55,21462.25,387341268,39718.84
17-Jan-24,21647.25,21851.5,21550.45,21571.95,455999867,47533.44
16-Jan-24,22080.5,22124.15,21969.8,22032.3,292433764,24435.94
15-Jan-24,22053.15,22115.55,21963.55,22097.45,345543523,29523.15
12-Jan-24,21773.55,21928.25,21715.15,21894.55,294678459,30565.5
11-Jan-24,21688,21726.5,21593.75,21647.2,212453866,23492.12
10-Jan-24,21529.3,21641.85,21448.65,21618.7,216991926,20958.96
09-Jan-24,21653.6,21724.45,21517.85,21544.85,228568589,24055.74
08-Jan-24,21747.6,21763.95,21492.9,21513,231452935,21140.94
05-Jan-24,21705.75,21749.6,21629.2,21710.8,309303266,26554.49
04-Jan-24,21605.8,21685.65,21564.55,21658.6,339172697,30868.15
03-Jan-24,21661.1,21677,21500.35,21517.35,311933117,32329.23
02-Jan-24,21751.35,21755.6,21555.65,21665.8,263711568,25316.13
01-Jan-24,21727.75,21834.35,21680.85,21741.9,153995217,14184.09
29-Dec-23,21737.65,21770.3,21676.9,21731.4,270922276,23697.88
28-Dec-23,21715,21801.45,21678,21778.7,393080755,35031
27-Dec-23,21497.65,21675.75,21495.8,21654.75,256542963,23059.25
26-Dec-23,21365.2,21477.15,21329.45,21441.35,219467748,20081.33
22-Dec-23,21295.85,21390.5,21232.45,21349.4,284708918,27709.29
21-Dec-23,21033.95,21288.35,20976.8,21255.05,277548079,26001.02
20-Dec-23,21543.5,21593,21087.35,21150.15,363886229,30993.12
19-Dec-23,21477.65,21505.05,21337.75,21453.1,249750062,23750.61
18-Dec-23,21434.8,21482.8,21365.35,21418.65,249668965,23615.28
15-Dec-23,21287.45,21492.3,21235.3,21456.65,508761756,50114.46
14-Dec-23,21110.4,21210.9,21074.45,21182.7,334410589,32593.42
13-Dec-23,20929.75,20950,20769.5,20926.35,260269318,25918.44
12-Dec-23,21018.55,21037.9,20867.15,20906.4,244867128,25404.64
11-Dec-23,20965.3,21026.1,20923.7,20997.1,212921451,21150.17
08-Dec-23,20934.1,21006.1,20862.7,20969.4,292440768,27449.96
07-Dec-23,20932.4,20941.25,20850.8,20901.15,274985308,24862.43
06-Dec-23,20950.75,20961.95,20852.15,20937.7,359212958,35654.76
05-Dec-23,20808.9,20864.05,20711.15,20855.1,421008350,41763.52
04-Dec-23,20601.95,20702.65,20507.75,20686.8,381107418,33917.52
01-Dec-23,20194.1,20291.55,20183.7,20267.9,265812566,22461.53
30-Nov-23,20108.5,20158.7,20015.85,20133.15,486585349,48877.95
29-Nov-23,19976.55,20104.65,19956.3,20096.6,236241768,22367.64
28-Nov-23,19844.65,19916.85,19800,19889.7,229595031,23043.25
24-Nov-23,19809.6,19832.85,19768.85,19794.7,145895044,14389.29
23-Nov-23,19828.45,19875.15,19786.75,19802,170024085,15906.94
22-Nov-23,19784,19825.55,19703.85,19811.85,184497984,17405.48
21-Nov-23,19770.9,19829.1,19754.05,19783.4,194969012,17947.2
20-Nov-23,19731.15,19756.45,19670.5,19694,173780543,16737.05
17-Nov-23,19674.75,19806,19667.45,19731.8,236827462,21681.28
16-Nov-23,19674.7,19875.25,19627,19765.2,282686669,26041.45
15-Nov-23,19651.4,19693.2,19579.65,19675.45,291464988,24957.24
13-Nov-23,19486.75,19494.4,19414.75,19443.55,189275733,13527.22
12-Nov-23,19547.25,19547.25,19510.25,19525.55,37311902,2482.27
10-Nov-23,19351.85,19451.3,19329.45,19425.35,152215785,12916.21
09-Nov-23,19457.4,19463.9,19378.35,19395.3,208418472,19087.29
08-Nov-23,19449.6,19464.4,19401.5,19443.5,194967997,17060.45
07-Nov-23,19404.05,19423.5,19329.1,19406.7,198660124,18288.06
06-Nov-23,19345.85,19423,19309.7,19411.75,180690631,16296.56
03-Nov-23,19241,19276.25,19210.9,19230.6,189516123,17304.87
02-Nov-23,19120,19175.25,19064.15,19133.25,245595109,19771.49
01-Nov-23,19064.05,19096.05,18973.7,18989.15,194103279,18452.51
31-Oct-23,19232.95,19233.7,19056.45,19079.6,206049341,19397.36
30-Oct-23,19053.4,19158.5,18940,19140.9,180132492,17095.73
27-Oct-23,18928.75,19076.15,18926.65,19047.25,205201044,19947.48
26-Oct-23,19027.25,19041.7,18837.85,18857.25,300356469,28939.64
25-Oct-23,19286.45,19347.3,19074.15,19122.15,225291741,19818.32
23-Oct-23,19521.6,19556.85,19257.85,19281.75,176044288,16212.9
20-Oct-23,19542.15,19593.8,19518.7,19542.65,198341255,17944.31
19-Oct-23,19545.2,19681.8,19512.35,19624.7,230312163,23582.01
18-Oct-23,19820.45,19840.95,19659.95,19671.1,198942937,18581.64
17-Oct-23,19843.2,19849.75,19775.65,19811.5,185846716,16839.87
16-Oct-23,19737.25,19781.3,19691.85,19731.75,180964341,14746.01
13-Oct-23,19654.55,19805.4,19635.3,19751.05,254955979,24363.02
12-Oct-23,19822.7,19843.3,19772.65,19794,217904144,20999.94
11-Oct-23,19767,19839.2,19756.95,19811.35,213729730,19900.99
10-Oct-23,19565.6,19717.8,19565.45,19689.85,216559447,18735.62
09-Oct-23,19539.45,19588.95,19480.5,19512.35,165094800,15499.67
06-Oct-23,19621.2,19675.75,19589.4,19653.5,159051277,16096.52
05-Oct-23,19521.85,19576.95,19487.3,19545.75,234865323,22019.04
04-Oct-23,19446.3,19457.8,19333.6,19436.1,277148310,26017.47
03-Oct-23,19622.4,19623.2,19479.65,19528.75,221719625,21459.58
